[2025-09-30 19:43:10] [ERROR]: Erro ao processar webhook: Cannot read properties of undefined (reading '_data')
[2025-09-30 19:43:27] [ERROR]: Erro ao processar webhook: Cannot read properties of undefined (reading '_data')
[2025-09-30 19:49:01] [ERROR]: Erro ao salvar mensagem: relation "mensagens" does not exist
[2025-09-30 19:49:01] [ERROR]: Erro ao processar webhook: relation "mensagens" does not exist
[2025-09-30 19:53:27] [ERROR]: Erro ao salvar mensagem: relation "mensagens" does not exist
[2025-09-30 19:53:27] [ERROR]: Erro ao processar webhook: relation "mensagens" does not exist
[2025-09-30 19:55:19] [ERROR]: Erro ao salvar mensagem: relation "tbl_mensagem_whatsapp" does not exist
[2025-09-30 19:55:19] [ERROR]: Erro ao processar webhook: relation "tbl_mensagem_whatsapp" does not exist
[2025-09-30 19:58:31] [ERROR]: Erro ao salvar mensagem: relation "tbl_mensagem_whatsapp" does not exist
[2025-09-30 19:58:31] [ERROR]: Erro ao processar webhook: relation "tbl_mensagem_whatsapp" does not exist
[2025-09-30 19:59:42] [ERROR]: Erro ao salvar mensagem: null value in column "id_mensagem" of relation "tbl_mensagem_whatsapp" violates not-null constraint
[2025-09-30 19:59:42] [ERROR]: Erro ao processar webhook: null value in column "id_mensagem" of relation "tbl_mensagem_whatsapp" violates not-null constraint
[2025-09-30 20:04:05] [ERROR]: Erro ao salvar mensagem: null value in column "id_mensagem" of relation "tbl_mensagem_whatsapp" violates not-null constraint
[2025-09-30 20:04:05] [ERROR]: Erro ao processar webhook: null value in column "id_mensagem" of relation "tbl_mensagem_whatsapp" violates not-null constraint
[2025-09-30 20:16:43] [ERROR]: Erro ao salvar mensagem: null value in column "id_mensagem" of relation "tbl_mensagem_whatsapp" violates not-null constraint
[2025-09-30 20:16:43] [ERROR]: Erro ao processar webhook: null value in column "id_mensagem" of relation "tbl_mensagem_whatsapp" violates not-null constraint
[2025-09-30 20:25:00] [ERROR]: ❌ Erro de conexão com PostgreSQL: the database system is starting up
[2025-09-30 20:25:22] [ERROR]: ❌ Erro de conexão com PostgreSQL: the database system is starting up
[2025-09-30 20:28:56] [ERROR]: Erro ao processar webhook: uuid_generate_v4 is not defined
[2025-10-01 17:53:08] [ERROR]: Erro ao processar webhook: uuid_generate_v4 is not defined
[2025-10-01 18:08:19] [ERROR]: Erro ao processar webhook: uuid_generate_v4 is not defined
[2025-10-01 18:09:51] [ERROR]: Erro ao processar webhook: uuid_generate_v4 is not defined
[2025-10-01 18:47:20] [ERROR]: Erro ao processar webhook: uuid_generate_v4 is not defined
[2025-10-01 18:47:41] [ERROR]: ❌ Erro de conexão com PostgreSQL: the database system is starting up
[2025-10-06 19:24:45] [ERROR]: ❌ Erro de conexão com PostgreSQL: the database system is starting up
[2025-10-06 19:49:30] [ERROR]: ❌ Erro de conexão com PostgreSQL: the database system is starting up
[2025-10-07 19:30:02] [ERROR]: ❌ Erro de conexão com PostgreSQL: the database system is starting up
[2025-10-07 20:24:06] [ERROR]: ❌ Erro de conexão com PostgreSQL: the database system is starting up
[2025-10-08 17:41:09] [ERROR]: ❌ Erro de conexão com PostgreSQL: the database system is starting up
[2025-10-08 17:53:32] [ERROR]: ❌ Erro de conexão com PostgreSQL: the database system is starting up
[2025-10-08 18:43:04] [ERROR]: ❌ Erro de conexão com PostgreSQL: the database system is starting up
[2025-10-08 18:49:03] [ERROR]: ❌ Erro de conexão com PostgreSQL: the database system is starting up
[2025-10-08 19:08:35] [ERROR]: ❌ Erro de conexão com PostgreSQL: the database system is starting up
[2025-10-08 19:13:45] [ERROR]: ❌ Erro de conexão com PostgreSQL: the database system is starting up
[2025-10-08 20:00:48] [ERROR]: ❌ Erro de conexão com PostgreSQL: the database system is starting up
[2025-10-15 18:44:52] [ERROR]: ❌ Erro de conexão com PostgreSQL: the database system is starting up
[2025-10-15 19:13:23] [ERROR]: ❌ Erro de conexão com PostgreSQL: the database system is starting up
[2025-10-15 19:36:12] [ERROR]: ❌ Erro de conexão com PostgreSQL: the database system is starting up
[2025-10-15 19:41:30] [ERROR]: ❌ Erro de conexão com PostgreSQL: the database system is starting up
[2025-10-15 20:05:29] [ERROR]: ❌ Erro de conexão com PostgreSQL: the database system is starting up
[2025-10-15 20:27:09] [ERROR]: ❌ Erro de conexão com PostgreSQL: the database system is starting up
[2025-10-16 19:13:59] [ERROR]: ❌ Erro de conexão com PostgreSQL: the database system is starting up
[2025-10-16 19:28:39] [ERROR]: ❌ Erro de conexão com PostgreSQL: the database system is starting up
[2025-10-16 20:00:07] [ERROR]: Erro ao salvar mensagem: invalid input syntax for type uuid: "ABCD1234"
[2025-10-16 20:00:07] [ERROR]: Erro ao processar webhook: invalid input syntax for type uuid: "ABCD1234"
[2025-10-16 20:04:09] [ERROR]: Erro ao salvar mensagem: invalid input syntax for type uuid: "TESTE1234"
[2025-10-16 20:04:09] [ERROR]: Erro ao processar webhook: invalid input syntax for type uuid: "TESTE1234"
[2025-10-16 20:08:25] [ERROR]: ❌ Erro de conexão com PostgreSQL: the database system is starting up
[2025-10-17 17:47:53] [ERROR]: ❌ Erro de conexão com PostgreSQL: the database system is starting up
[2025-10-17 18:55:20] [ERROR]: ❌ Erro de conexão com PostgreSQL: the database system is starting up
[2025-10-17 19:41:20] [ERROR]: ❌ Erro de conexão com PostgreSQL: the database system is starting up
[2025-10-20 16:52:52] [ERROR]: ❌ Erro de conexão com PostgreSQL: the database system is starting up
[2025-10-20 18:19:24] [ERROR]: ❌ Erro de conexão com PostgreSQL: the database system is starting up
[2025-10-20 18:33:39] [ERROR]: ❌ Erro de conexão com PostgreSQL: the database system is starting up
[2025-10-20 18:56:23] [ERROR]: ❌ Erro de conexão com PostgreSQL: the database system is starting up
[2025-10-20 19:21:11] [ERROR]: ❌ Erro de conexão com PostgreSQL: the database system is starting up
[2025-10-20 19:33:01] [ERROR]: ❌ Erro de conexão com PostgreSQL: the database system is starting up
[2025-10-20 20:05:27] [ERROR]: ❌ Erro de conexão com PostgreSQL: the database system is starting up
[2025-10-21 17:10:43] [ERROR]: ❌ Erro de conexão com PostgreSQL: the database system is starting up
[2025-10-21 17:17:03] [ERROR]: ❌ Erro de conexão com PostgreSQL: the database system is starting up
[2025-10-21 17:50:27] [ERROR]: ❌ Erro de conexão com PostgreSQL: the database system is starting up
[2025-10-21 18:00:30] [ERROR]: ❌ Erro de conexão com PostgreSQL: the database system is starting up
[2025-10-21 18:29:46] [ERROR]: ❌ Erro de conexão com PostgreSQL: the database system is starting up
[2025-10-22 19:50:37] [ERROR]: ❌ Erro de conexão com PostgreSQL: the database system is starting up
[2025-10-22 20:15:39] [ERROR]: ❌ Erro de conexão com PostgreSQL: the database system is starting up
[2025-10-23 19:17:53] [ERROR]: ❌ Erro de conexão com PostgreSQL: the database system is starting up
[2025-10-23 19:33:05] [ERROR]: ❌ Erro de conexão com PostgreSQL: the database system is starting up
[2025-10-23 19:43:13] [ERROR]: ❌ Erro de conexão com PostgreSQL: the database system is starting up
[2025-10-23 19:46:38] [ERROR]: ❌ Erro de conexão com PostgreSQL: the database system is starting up
[2025-10-24 18:33:02] [ERROR]: ❌ Erro de conexão com PostgreSQL: the database system is starting up
[2025-10-24 19:18:54] [ERROR]: ❌ Erro de conexão com PostgreSQL: the database system is starting up
[2025-10-24 19:32:10] [ERROR]: ❌ Erro de conexão com PostgreSQL: the database system is starting up
[2025-10-29 17:30:42] [ERROR]: ❌ Erro de conexão com PostgreSQL: the database system is starting up
[2025-10-29 17:50:45] [ERROR]: ❌ Erro de conexão com PostgreSQL: the database system is starting up
[2025-10-29 18:00:14] [ERROR]: ❌ Erro de conexão com PostgreSQL: the database system is starting up
[2025-10-29 18:23:41] [ERROR]: ❌ Erro de conexão com PostgreSQL: the database system is starting up
[2025-10-30 17:16:38] [ERROR]: ❌ Erro de conexão com PostgreSQL: the database system is starting up
[2025-10-30 17:28:00] [ERROR]: ❌ Erro de conexão com PostgreSQL: the database system is starting up
[2025-10-30 17:29:32] [ERROR]: ❌ Falha ao enviar mensagem automática: Request failed with status code 500
[2025-10-30 17:36:39] [ERROR]: ❌ Falha ao enviar mensagem automática: Request failed with status code 500
[2025-10-30 18:02:17] [ERROR]: ❌ Erro de conexão com PostgreSQL: the database system is starting up
[2025-10-30 18:04:57] [ERROR]: ❌ Erro de conexão com PostgreSQL: the database system is starting up
[2025-10-30 18:07:56] [ERROR]: ❌ Falha ao enviar mensagem automática: Request failed with status code 500
[2025-10-30 20:03:25] [ERROR]: ❌ Erro de conexão com PostgreSQL: the database system is starting up
[2025-10-30 20:18:18] [ERROR]: ❌ Erro de conexão com PostgreSQL: the database system is starting up
[2025-10-30 20:23:53] [ERROR]: ❌ Erro de conexão com PostgreSQL: the database system is starting up
[2025-10-31 17:25:40] [ERROR]: ❌ Erro de conexão com PostgreSQL: the database system is starting up
[2025-10-31 18:30:47] [ERROR]: ❌ Erro ao verificar/cadastrar tbl_utilizador: null value in column "nu_telefone" of relation "tbl_utilizador" violates not-null constraint
[2025-10-31 18:30:47] [ERROR]: ❌ Erro ao verificar/cadastrar tbl_funil_utilizador: insert or update on table "tbl_funil_utilizador" violates foreign key constraint "fk_tbl_funil_utilizador_tbl_funil_1"
[2025-10-31 18:30:51] [ERROR]: ❌ Erro ao verificar/cadastrar tbl_utilizador: null value in column "nu_telefone" of relation "tbl_utilizador" violates not-null constraint
[2025-10-31 18:30:51] [ERROR]: ❌ Erro ao verificar/cadastrar tbl_funil_utilizador: insert or update on table "tbl_funil_utilizador" violates foreign key constraint "fk_tbl_funil_utilizador_tbl_funil_1"
[2025-10-31 18:38:40] [ERROR]: ❌ Erro ao verificar/cadastrar tbl_utilizador: null value in column "nu_telefone" of relation "tbl_utilizador" violates not-null constraint
[2025-10-31 18:38:40] [ERROR]: ❌ Erro ao verificar/cadastrar tbl_funil_utilizador: insert or update on table "tbl_funil_utilizador" violates foreign key constraint "fk_tbl_funil_utilizador_tbl_funil_1"
[2025-10-31 18:39:19] [ERROR]: ❌ Erro ao verificar/cadastrar tbl_utilizador: null value in column "nu_telefone" of relation "tbl_utilizador" violates not-null constraint
[2025-10-31 18:39:19] [ERROR]: ❌ Erro ao verificar/cadastrar tbl_utilizador: null value in column "nu_telefone" of relation "tbl_utilizador" violates not-null constraint
[2025-10-31 18:39:19] [ERROR]: ❌ Erro ao verificar/cadastrar tbl_funil_utilizador: insert or update on table "tbl_funil_utilizador" violates foreign key constraint "fk_tbl_funil_utilizador_tbl_funil_1"
[2025-10-31 18:39:19] [ERROR]: ❌ Erro ao verificar/cadastrar tbl_funil_utilizador: insert or update on table "tbl_funil_utilizador" violates foreign key constraint "fk_tbl_funil_utilizador_tbl_funil_1"
[2025-10-31 18:39:20] [ERROR]: ❌ Erro ao verificar/cadastrar tbl_utilizador: null value in column "nu_telefone" of relation "tbl_utilizador" violates not-null constraint
[2025-10-31 18:39:20] [ERROR]: ❌ Erro ao verificar/cadastrar tbl_utilizador: null value in column "nu_telefone" of relation "tbl_utilizador" violates not-null constraint
[2025-10-31 18:39:20] [ERROR]: ❌ Erro ao verificar/cadastrar tbl_funil_utilizador: insert or update on table "tbl_funil_utilizador" violates foreign key constraint "fk_tbl_funil_utilizador_tbl_funil_1"
[2025-10-31 18:39:20] [ERROR]: ❌ Erro ao verificar/cadastrar tbl_funil_utilizador: insert or update on table "tbl_funil_utilizador" violates foreign key constraint "fk_tbl_funil_utilizador_tbl_funil_1"
[2025-10-31 18:39:20] [ERROR]: ❌ Erro ao verificar/cadastrar tbl_utilizador: null value in column "nu_telefone" of relation "tbl_utilizador" violates not-null constraint
[2025-10-31 18:39:20] [ERROR]: ❌ Erro ao verificar/cadastrar tbl_utilizador: null value in column "nu_telefone" of relation "tbl_utilizador" violates not-null constraint
[2025-10-31 18:39:20] [ERROR]: ❌ Erro ao verificar/cadastrar tbl_funil_utilizador: insert or update on table "tbl_funil_utilizador" violates foreign key constraint "fk_tbl_funil_utilizador_tbl_funil_1"
[2025-10-31 18:39:20] [ERROR]: ❌ Erro ao verificar/cadastrar tbl_funil_utilizador: insert or update on table "tbl_funil_utilizador" violates foreign key constraint "fk_tbl_funil_utilizador_tbl_funil_1"
[2025-10-31 18:39:21] [ERROR]: ❌ Erro ao verificar/cadastrar tbl_utilizador: null value in column "nu_telefone" of relation "tbl_utilizador" violates not-null constraint
[2025-10-31 18:39:21] [ERROR]: ❌ Erro ao verificar/cadastrar tbl_utilizador: null value in column "nu_telefone" of relation "tbl_utilizador" violates not-null constraint
[2025-10-31 18:39:21] [ERROR]: ❌ Erro ao verificar/cadastrar tbl_funil_utilizador: insert or update on table "tbl_funil_utilizador" violates foreign key constraint "fk_tbl_funil_utilizador_tbl_funil_1"
[2025-10-31 18:39:21] [ERROR]: ❌ Erro ao verificar/cadastrar tbl_funil_utilizador: insert or update on table "tbl_funil_utilizador" violates foreign key constraint "fk_tbl_funil_utilizador_tbl_funil_1"
[2025-10-31 18:39:21] [ERROR]: ❌ Erro ao verificar/cadastrar tbl_utilizador: null value in column "nu_telefone" of relation "tbl_utilizador" violates not-null constraint
[2025-10-31 18:39:21] [ERROR]: ❌ Erro ao verificar/cadastrar tbl_utilizador: null value in column "nu_telefone" of relation "tbl_utilizador" violates not-null constraint
[2025-10-31 18:39:21] [ERROR]: ❌ Erro ao verificar/cadastrar tbl_funil_utilizador: insert or update on table "tbl_funil_utilizador" violates foreign key constraint "fk_tbl_funil_utilizador_tbl_funil_1"
[2025-10-31 18:39:21] [ERROR]: ❌ Erro ao verificar/cadastrar tbl_funil_utilizador: insert or update on table "tbl_funil_utilizador" violates foreign key constraint "fk_tbl_funil_utilizador_tbl_funil_1"
[2025-10-31 18:39:21] [ERROR]: ❌ Erro ao verificar/cadastrar tbl_utilizador: null value in column "nu_telefone" of relation "tbl_utilizador" violates not-null constraint
[2025-10-31 18:39:22] [ERROR]: ❌ Erro ao verificar/cadastrar tbl_funil_utilizador: insert or update on table "tbl_funil_utilizador" violates foreign key constraint "fk_tbl_funil_utilizador_tbl_funil_1"
[2025-10-31 18:39:22] [ERROR]: ❌ Erro ao verificar/cadastrar tbl_utilizador: null value in column "nu_telefone" of relation "tbl_utilizador" violates not-null constraint
[2025-10-31 18:39:22] [ERROR]: ❌ Erro ao verificar/cadastrar tbl_funil_utilizador: insert or update on table "tbl_funil_utilizador" violates foreign key constraint "fk_tbl_funil_utilizador_tbl_funil_1"
[2025-10-31 18:39:22] [ERROR]: ❌ Erro ao verificar/cadastrar tbl_utilizador: null value in column "nu_telefone" of relation "tbl_utilizador" violates not-null constraint
[2025-10-31 18:39:22] [ERROR]: ❌ Erro ao verificar/cadastrar tbl_utilizador: null value in column "nu_telefone" of relation "tbl_utilizador" violates not-null constraint
[2025-10-31 18:39:22] [ERROR]: ❌ Erro ao verificar/cadastrar tbl_funil_utilizador: insert or update on table "tbl_funil_utilizador" violates foreign key constraint "fk_tbl_funil_utilizador_tbl_funil_1"
[2025-10-31 18:39:22] [ERROR]: ❌ Erro ao verificar/cadastrar tbl_funil_utilizador: insert or update on table "tbl_funil_utilizador" violates foreign key constraint "fk_tbl_funil_utilizador_tbl_funil_1"
[2025-10-31 18:39:22] [ERROR]: ❌ Erro ao verificar/cadastrar tbl_utilizador: null value in column "nu_telefone" of relation "tbl_utilizador" violates not-null constraint
[2025-10-31 18:39:22] [ERROR]: ❌ Erro ao verificar/cadastrar tbl_utilizador: null value in column "nu_telefone" of relation "tbl_utilizador" violates not-null constraint
[2025-10-31 18:39:22] [ERROR]: ❌ Erro ao verificar/cadastrar tbl_funil_utilizador: insert or update on table "tbl_funil_utilizador" violates foreign key constraint "fk_tbl_funil_utilizador_tbl_funil_1"
[2025-10-31 18:39:23] [ERROR]: ❌ Erro ao verificar/cadastrar tbl_funil_utilizador: insert or update on table "tbl_funil_utilizador" violates foreign key constraint "fk_tbl_funil_utilizador_tbl_funil_1"
[2025-10-31 18:39:23] [ERROR]: ❌ Erro ao verificar/cadastrar tbl_utilizador: null value in column "nu_telefone" of relation "tbl_utilizador" violates not-null constraint
[2025-10-31 18:39:23] [ERROR]: ❌ Erro ao verificar/cadastrar tbl_utilizador: null value in column "nu_telefone" of relation "tbl_utilizador" violates not-null constraint
[2025-10-31 18:39:23] [ERROR]: ❌ Erro ao verificar/cadastrar tbl_funil_utilizador: insert or update on table "tbl_funil_utilizador" violates foreign key constraint "fk_tbl_funil_utilizador_tbl_funil_1"
[2025-10-31 18:39:23] [ERROR]: ❌ Erro ao verificar/cadastrar tbl_funil_utilizador: insert or update on table "tbl_funil_utilizador" violates foreign key constraint "fk_tbl_funil_utilizador_tbl_funil_1"
[2025-10-31 18:39:23] [ERROR]: ❌ Erro ao verificar/cadastrar tbl_utilizador: null value in column "nu_telefone" of relation "tbl_utilizador" violates not-null constraint
[2025-10-31 18:39:23] [ERROR]: ❌ Erro ao verificar/cadastrar tbl_utilizador: null value in column "nu_telefone" of relation "tbl_utilizador" violates not-null constraint
[2025-10-31 18:39:23] [ERROR]: ❌ Erro ao verificar/cadastrar tbl_funil_utilizador: insert or update on table "tbl_funil_utilizador" violates foreign key constraint "fk_tbl_funil_utilizador_tbl_funil_1"
[2025-10-31 18:39:23] [ERROR]: ❌ Erro ao verificar/cadastrar tbl_funil_utilizador: insert or update on table "tbl_funil_utilizador" violates foreign key constraint "fk_tbl_funil_utilizador_tbl_funil_1"
[2025-10-31 18:39:24] [ERROR]: ❌ Erro ao verificar/cadastrar tbl_utilizador: null value in column "nu_telefone" of relation "tbl_utilizador" violates not-null constraint
[2025-10-31 18:39:24] [ERROR]: ❌ Erro ao verificar/cadastrar tbl_utilizador: null value in column "nu_telefone" of relation "tbl_utilizador" violates not-null constraint
[2025-10-31 18:39:24] [ERROR]: ❌ Erro ao verificar/cadastrar tbl_funil_utilizador: insert or update on table "tbl_funil_utilizador" violates foreign key constraint "fk_tbl_funil_utilizador_tbl_funil_1"
[2025-10-31 18:39:24] [ERROR]: ❌ Erro ao verificar/cadastrar tbl_funil_utilizador: insert or update on table "tbl_funil_utilizador" violates foreign key constraint "fk_tbl_funil_utilizador_tbl_funil_1"
[2025-10-31 18:39:24] [ERROR]: ❌ Erro ao verificar/cadastrar tbl_utilizador: null value in column "nu_telefone" of relation "tbl_utilizador" violates not-null constraint
[2025-10-31 18:39:24] [ERROR]: ❌ Erro ao verificar/cadastrar tbl_utilizador: null value in column "nu_telefone" of relation "tbl_utilizador" violates not-null constraint
[2025-10-31 18:39:24] [ERROR]: ❌ Erro ao verificar/cadastrar tbl_funil_utilizador: insert or update on table "tbl_funil_utilizador" violates foreign key constraint "fk_tbl_funil_utilizador_tbl_funil_1"
[2025-10-31 18:39:24] [ERROR]: ❌ Erro ao verificar/cadastrar tbl_funil_utilizador: insert or update on table "tbl_funil_utilizador" violates foreign key constraint "fk_tbl_funil_utilizador_tbl_funil_1"
[2025-10-31 18:39:25] [ERROR]: ❌ Erro ao verificar/cadastrar tbl_utilizador: null value in column "nu_telefone" of relation "tbl_utilizador" violates not-null constraint
[2025-10-31 18:39:25] [ERROR]: ❌ Erro ao verificar/cadastrar tbl_utilizador: null value in column "nu_telefone" of relation "tbl_utilizador" violates not-null constraint
[2025-10-31 18:39:25] [ERROR]: ❌ Erro ao verificar/cadastrar tbl_funil_utilizador: insert or update on table "tbl_funil_utilizador" violates foreign key constraint "fk_tbl_funil_utilizador_tbl_funil_1"
[2025-10-31 18:39:25] [ERROR]: ❌ Erro ao verificar/cadastrar tbl_funil_utilizador: insert or update on table "tbl_funil_utilizador" violates foreign key constraint "fk_tbl_funil_utilizador_tbl_funil_1"
[2025-10-31 18:39:25] [ERROR]: ❌ Erro ao verificar/cadastrar tbl_utilizador: null value in column "nu_telefone" of relation "tbl_utilizador" violates not-null constraint
[2025-10-31 18:39:25] [ERROR]: ❌ Erro ao verificar/cadastrar tbl_utilizador: null value in column "nu_telefone" of relation "tbl_utilizador" violates not-null constraint
[2025-10-31 18:39:25] [ERROR]: ❌ Erro ao verificar/cadastrar tbl_funil_utilizador: insert or update on table "tbl_funil_utilizador" violates foreign key constraint "fk_tbl_funil_utilizador_tbl_funil_1"
[2025-10-31 18:39:25] [ERROR]: ❌ Erro ao verificar/cadastrar tbl_funil_utilizador: insert or update on table "tbl_funil_utilizador" violates foreign key constraint "fk_tbl_funil_utilizador_tbl_funil_1"
[2025-10-31 18:39:26] [ERROR]: ❌ Erro ao verificar/cadastrar tbl_utilizador: null value in column "nu_telefone" of relation "tbl_utilizador" violates not-null constraint
[2025-10-31 18:39:26] [ERROR]: ❌ Erro ao verificar/cadastrar tbl_utilizador: null value in column "nu_telefone" of relation "tbl_utilizador" violates not-null constraint
[2025-10-31 18:39:26] [ERROR]: ❌ Erro ao verificar/cadastrar tbl_funil_utilizador: insert or update on table "tbl_funil_utilizador" violates foreign key constraint "fk_tbl_funil_utilizador_tbl_funil_1"
[2025-10-31 18:39:26] [ERROR]: ❌ Erro ao verificar/cadastrar tbl_funil_utilizador: insert or update on table "tbl_funil_utilizador" violates foreign key constraint "fk_tbl_funil_utilizador_tbl_funil_1"
[2025-10-31 18:47:16] [ERROR]: ❌ Erro de conexão com PostgreSQL: the database system is starting up
[2025-10-31 18:56:27] [ERROR]: ❌ Erro ao verificar/cadastrar tbl_utilizador: null value in column "id_utilizador" of relation "tbl_utilizador" violates not-null constraint
[2025-10-31 18:56:27] [ERROR]: ❌ Erro ao verificar/cadastrar tbl_funil_utilizador: null value in column "id_utilizador" of relation "tbl_funil_utilizador" violates not-null constraint
[2025-10-31 18:56:27] [ERROR]: ❌ Falha ao enviar mensagem automática para undefined: Request failed with status code 400
[2025-10-31 19:11:03] [ERROR]: ❌ Erro ao verificar/cadastrar tbl_utilizador: null value in column "id_utilizador" of relation "tbl_utilizador" violates not-null constraint
[2025-10-31 19:11:03] [ERROR]: ❌ Erro ao verificar/cadastrar tbl_funil_utilizador: null value in column "id_utilizador" of relation "tbl_funil_utilizador" violates not-null constraint
[2025-10-31 19:11:03] [ERROR]: ❌ Falha ao enviar mensagem automática para undefined: Request failed with status code 400
[2025-10-31 19:13:56] [ERROR]: ❌ Erro de conexão com PostgreSQL: the database system is starting up
[2025-10-31 19:26:46] [ERROR]: ❌ Erro ao verificar/cadastrar tbl_utilizador: null value in column "id_utilizador" of relation "tbl_utilizador" violates not-null constraint
[2025-10-31 19:26:46] [ERROR]: ❌ Erro ao verificar/cadastrar tbl_funil_utilizador: null value in column "id_utilizador" of relation "tbl_funil_utilizador" violates not-null constraint
[2025-10-31 19:26:46] [ERROR]: ❌ Falha ao enviar mensagem automática para undefined: Request failed with status code 400
[2025-10-31 19:33:27] [ERROR]: ❌ Erro ao verificar/cadastrar tbl_utilizador: null value in column "id_utilizador" of relation "tbl_utilizador" violates not-null constraint
[2025-10-31 19:33:27] [ERROR]: ❌ Erro ao verificar/cadastrar tbl_funil_utilizador: null value in column "id_utilizador" of relation "tbl_funil_utilizador" violates not-null constraint
[2025-10-31 19:33:27] [ERROR]: ❌ Falha ao enviar mensagem automática para undefined: Request failed with status code 400
[2025-10-31 19:35:56] [ERROR]: ❌ Erro ao verificar/cadastrar tbl_utilizador: null value in column "id_utilizador" of relation "tbl_utilizador" violates not-null constraint
[2025-10-31 19:35:56] [ERROR]: ❌ Erro ao verificar/cadastrar tbl_funil_utilizador: null value in column "id_utilizador" of relation "tbl_funil_utilizador" violates not-null constraint
[2025-10-31 19:35:56] [ERROR]: ❌ Falha ao enviar mensagem automática para undefined: Request failed with status code 400
[2025-10-31 19:36:01] [ERROR]: ❌ Erro ao verificar/cadastrar tbl_utilizador: null value in column "id_utilizador" of relation "tbl_utilizador" violates not-null constraint
[2025-10-31 19:36:02] [ERROR]: ❌ Erro ao verificar/cadastrar tbl_funil_utilizador: null value in column "id_utilizador" of relation "tbl_funil_utilizador" violates not-null constraint
[2025-10-31 19:36:02] [ERROR]: ❌ Falha ao enviar mensagem automática para undefined: Request failed with status code 400
[2025-10-31 19:54:25] [ERROR]: ❌ Erro ao verificar/cadastrar tbl_utilizador: null value in column "id_utilizador" of relation "tbl_utilizador" violates not-null constraint
[2025-10-31 19:54:25] [ERROR]: ❌ Erro ao verificar/cadastrar tbl_funil_utilizador: null value in column "id_utilizador" of relation "tbl_funil_utilizador" violates not-null constraint
[2025-10-31 19:54:25] [ERROR]: ❌ Falha ao enviar mensagem automática para undefined: Request failed with status code 400
[2025-10-31 20:11:35] [ERROR]: ❌ Erro ao verificar/cadastrar tbl_utilizador: null value in column "id_utilizador" of relation "tbl_utilizador" violates not-null constraint
[2025-10-31 20:11:35] [ERROR]: ❌ Erro ao verificar/cadastrar tbl_funil_utilizador: null value in column "id_utilizador" of relation "tbl_funil_utilizador" violates not-null constraint
[2025-10-31 20:11:35] [ERROR]: ❌ Falha ao enviar mensagem automática para undefined: Request failed with status code 400
[2025-11-03 16:17:47] [ERROR]: ❌ Erro ao verificar/cadastrar tbl_utilizador: null value in column "id_utilizador" of relation "tbl_utilizador" violates not-null constraint
[2025-11-03 16:17:47] [ERROR]: ❌ Erro ao verificar/cadastrar tbl_funil_utilizador: null value in column "id_utilizador" of relation "tbl_funil_utilizador" violates not-null constraint
[2025-11-03 16:17:47] [ERROR]: ❌ Falha ao enviar mensagem automática para undefined: Request failed with status code 400
[2025-11-04 19:43:50] [ERROR]: ❌ Erro ao verificar/cadastrar tbl_utilizador: vIdUtilizador is not defined
[2025-11-04 19:43:50] [ERROR]: ❌ Erro no processamento do webhook: vCdMensagemCadastro is not defined
[2025-11-05 17:47:30] [ERROR]: ❌ Erro ao verificar/cadastrar tbl_utilizador: Cannot find module 'uuid'
Require stack:
- /app/src/server.js
[2025-11-05 17:47:30] [ERROR]: ❌ Erro ao verificar/cadastrar tbl_utilizador: Cannot find module 'uuid'
Require stack:
- /app/src/server.js
[2025-11-05 17:47:30] [ERROR]: ❌ Erro no processamento do webhook: vCdMensagemCadastro is not defined
[2025-11-05 18:12:15] [ERROR]: ❌ Erro ao buscar id_funil: the database system is starting up
[2025-11-05 18:12:15] [ERROR]: ❌ Erro de conexão com PostgreSQL: the database system is starting up
[2025-11-05 18:18:55] [ERROR]: ❌ Erro ao buscar id_funil: the database system is starting up
[2025-11-05 18:18:55] [ERROR]: ❌ Erro de conexão com PostgreSQL: the database system is starting up
[2025-11-05 18:29:08] [ERROR]: ❌ Erro ao verificar/cadastrar tbl_utilizador: Cannot find module 'uuid'
Require stack:
- /app/src/server.js
[2025-11-05 18:29:08] [ERROR]: ❌ Erro ao verificar/cadastrar tbl_utilizador: Cannot find module 'uuid'
Require stack:
- /app/src/server.js
[2025-11-05 18:29:08] [ERROR]: ❌ Erro no processamento do webhook: vCdMensagemCadastro is not defined
[2025-11-05 18:29:43] [ERROR]: ❌ Erro ao buscar id_funil: the database system is starting up
[2025-11-05 18:29:43] [ERROR]: ❌ Erro de conexão com PostgreSQL: the database system is starting up
[2025-11-05 18:30:31] [ERROR]: ❌ Erro ao buscar id_funil: the database system is starting up
[2025-11-05 18:30:31] [ERROR]: ❌ Erro de conexão com PostgreSQL: the database system is starting up
[2025-11-05 18:51:37] [ERROR]: ❌ Erro ao buscar id_funil: the database system is starting up
[2025-11-05 18:51:37] [ERROR]: ❌ Erro de conexão com PostgreSQL: the database system is starting up
[2025-11-05 18:59:31] [ERROR]: ❌ Erro ao buscar id_funil: the database system is starting up
[2025-11-05 18:59:31] [ERROR]: ❌ Erro de conexão com PostgreSQL: the database system is starting up
[2025-11-05 19:03:10] [ERROR]: ❌ Erro ao verificar/cadastrar tbl_utilizador: Cannot find module 'uuid'
Require stack:
- /app/src/server.js
[2025-11-05 19:03:10] [ERROR]: ❌ Erro ao verificar/cadastrar tbl_utilizador: Cannot find module 'uuid'
Require stack:
- /app/src/server.js
[2025-11-05 19:03:10] [ERROR]: ❌ Erro no processamento do webhook: vCdMensagemCadastro is not defined
[2025-11-05 19:05:12] [ERROR]: ❌ Erro ao verificar/cadastrar tbl_utilizador: Cannot find module 'uuid'
Require stack:
- /app/src/server.js
[2025-11-05 19:05:12] [ERROR]: ❌ Erro ao verificar/cadastrar tbl_utilizador: Cannot find module 'uuid'
Require stack:
- /app/src/server.js
[2025-11-05 19:09:41] [ERROR]: ❌ Erro de conexão com PostgreSQL: the database system is starting up
[2025-11-05 19:09:41] [ERROR]: ❌ Erro ao buscar id_funil: the database system is starting up
[2025-11-05 19:12:47] [ERROR]: ❌ Erro ao verificar/cadastrar tbl_utilizador: Cannot find module 'uuid'
Require stack:
- /app/src/server.js
[2025-11-05 19:12:47] [ERROR]: ❌ Erro ao verificar/cadastrar tbl_utilizador: Cannot find module 'uuid'
Require stack:
- /app/src/server.js
[2025-11-05 19:17:35] [ERROR]: ❌ Erro de conexão com PostgreSQL: the database system is starting up
[2025-11-05 19:17:35] [ERROR]: ❌ Erro ao buscar id_funil: the database system is starting up
[2025-11-05 19:27:43] [ERROR]: ❌ Erro ao verificar/cadastrar tbl_utilizador: Cannot find module 'uuid'
Require stack:
- /app/src/server.js
[2025-11-05 19:27:43] [ERROR]: ❌ Erro ao verificar/cadastrar tbl_utilizador: Cannot find module 'uuid'
Require stack:
- /app/src/server.js
[2025-11-05 19:42:34] [ERROR]: ❌ Erro ao buscar id_funil: the database system is starting up
[2025-11-05 19:42:34] [ERROR]: ❌ Erro de conexão com PostgreSQL: the database system is starting up
[2025-11-05 19:43:54] [ERROR]: ❌ Erro ao verificar/cadastrar tbl_utilizador: Cannot find module 'uuid'
Require stack:
- /app/src/server.js
[2025-11-05 19:43:54] [ERROR]: ❌ Erro ao verificar/cadastrar tbl_utilizador: Cannot find module 'uuid'
Require stack:
- /app/src/server.js
[2025-11-05 20:02:50] [ERROR]: ❌ Erro ao verificar/cadastrar tbl_utilizador: require() of ES Module /app/node_modules/uuid/dist-node/index.js from /app/src/server.js not supported.
Instead change the require of index.js in /app/src/server.js to a dynamic import() which is available in all CommonJS modules.
[2025-11-05 20:02:50] [ERROR]: ❌ Erro ao verificar/cadastrar tbl_utilizador: require() of ES Module /app/node_modules/uuid/dist-node/index.js from /app/src/server.js not supported.
Instead change the require of index.js in /app/src/server.js to a dynamic import() which is available in all CommonJS modules.
[2025-11-05 20:15:17] [ERROR]: ❌ Erro ao verificar/cadastrar tbl_utilizador: require() of ES Module /app/node_modules/uuid/dist-node/index.js from /app/src/server.js not supported.
Instead change the require of index.js in /app/src/server.js to a dynamic import() which is available in all CommonJS modules.
[2025-11-05 20:15:17] [ERROR]: ❌ Erro ao verificar/cadastrar tbl_utilizador: column "dh_mensagem" of relation "tbl_funil_utilizador" does not exist
[2025-11-05 20:19:29] [ERROR]: ❌ Erro ao verificar/cadastrar tbl_utilizador: require() of ES Module /app/node_modules/uuid/dist-node/index.js from /app/src/server.js not supported.
Instead change the require of index.js in /app/src/server.js to a dynamic import() which is available in all CommonJS modules.
[2025-11-05 20:19:29] [ERROR]: ❌ Erro ao verificar/cadastrar tbl_utilizador: column "dh_mensagem" of relation "tbl_funil_utilizador" does not exist
[2025-11-05 20:24:08] [ERROR]: ❌ Erro ao verificar/cadastrar tbl_utilizador: null value in column "nu_telefone" of relation "tbl_utilizador" violates not-null constraint
[2025-11-05 20:24:08] [ERROR]: ❌ Erro ao verificar/cadastrar tbl_utilizador: column "dh_mensagem" of relation "tbl_funil_utilizador" does not exist
[2025-11-10 16:07:45] [ERROR]: ❌ Erro ao verificar/cadastrar tbl_utilizador: null value in column "id_utilizador" of relation "tbl_funil_utilizador" violates not-null constraint
[2025-11-10 16:34:41] [ERROR]: ❌ Erro ao buscar id_funil: the database system is starting up
[2025-11-10 16:34:41] [ERROR]: ❌ Erro de conexão com PostgreSQL: the database system is starting up
[2025-11-10 16:35:27] [ERROR]: ❌ Erro no processamento do webhook: uuidv4 is not defined
[2025-11-10 16:36:24] [ERROR]: ❌ Erro de conexão com PostgreSQL: the database system is starting up
[2025-11-10 16:36:24] [ERROR]: ❌ Erro ao buscar id_funil: the database system is starting up
[2025-11-10 16:37:05] [ERROR]: ❌ Erro ao verificar/cadastrar tbl_utilizador: null value in column "id_funil" of relation "tbl_funil_utilizador" violates not-null constraint
[2025-11-10 16:40:41] [ERROR]: ❌ Erro ao verificar/cadastrar tbl_utilizador: null value in column "id_funil" of relation "tbl_funil_utilizador" violates not-null constraint
[2025-11-10 16:40:43] [ERROR]: ❌ Erro ao verificar/cadastrar tbl_utilizador: null value in column "id_funil" of relation "tbl_funil_utilizador" violates not-null constraint
[2025-11-10 16:40:44] [ERROR]: ❌ Erro ao verificar/cadastrar tbl_utilizador: null value in column "id_funil" of relation "tbl_funil_utilizador" violates not-null constraint
[2025-11-10 16:40:45] [ERROR]: ❌ Erro ao verificar/cadastrar tbl_utilizador: null value in column "id_funil" of relation "tbl_funil_utilizador" violates not-null constraint
[2025-11-10 16:40:45] [ERROR]: ❌ Erro ao verificar/cadastrar tbl_utilizador: null value in column "id_funil" of relation "tbl_funil_utilizador" violates not-null constraint
[2025-11-10 16:40:45] [ERROR]: ❌ Erro ao verificar/cadastrar tbl_utilizador: null value in column "id_funil" of relation "tbl_funil_utilizador" violates not-null constraint
[2025-11-10 16:40:45] [ERROR]: ❌ Erro ao verificar/cadastrar tbl_utilizador: null value in column "id_funil" of relation "tbl_funil_utilizador" violates not-null constraint
[2025-11-10 16:40:45] [ERROR]: ❌ Erro ao verificar/cadastrar tbl_utilizador: null value in column "id_funil" of relation "tbl_funil_utilizador" violates not-null constraint
[2025-11-10 16:40:46] [ERROR]: ❌ Erro ao verificar/cadastrar tbl_utilizador: null value in column "id_funil" of relation "tbl_funil_utilizador" violates not-null constraint
[2025-11-10 16:40:46] [ERROR]: ❌ Erro ao verificar/cadastrar tbl_utilizador: null value in column "id_funil" of relation "tbl_funil_utilizador" violates not-null constraint
[2025-11-10 16:40:46] [ERROR]: ❌ Erro ao verificar/cadastrar tbl_utilizador: null value in column "id_funil" of relation "tbl_funil_utilizador" violates not-null constraint
[2025-11-10 16:40:46] [ERROR]: ❌ Erro ao verificar/cadastrar tbl_utilizador: null value in column "id_funil" of relation "tbl_funil_utilizador" violates not-null constraint
[2025-11-10 16:40:47] [ERROR]: ❌ Erro ao verificar/cadastrar tbl_utilizador: null value in column "id_funil" of relation "tbl_funil_utilizador" violates not-null constraint
[2025-11-10 16:40:47] [ERROR]: ❌ Erro ao verificar/cadastrar tbl_utilizador: null value in column "id_funil" of relation "tbl_funil_utilizador" violates not-null constraint
[2025-11-10 16:40:47] [ERROR]: ❌ Erro ao verificar/cadastrar tbl_utilizador: null value in column "id_funil" of relation "tbl_funil_utilizador" violates not-null constraint
[2025-11-10 16:40:47] [ERROR]: ❌ Erro ao verificar/cadastrar tbl_utilizador: null value in column "id_funil" of relation "tbl_funil_utilizador" violates not-null constraint
[2025-11-10 16:40:48] [ERROR]: ❌ Erro ao verificar/cadastrar tbl_utilizador: null value in column "id_funil" of relation "tbl_funil_utilizador" violates not-null constraint
[2025-11-10 16:40:48] [ERROR]: ❌ Erro ao verificar/cadastrar tbl_utilizador: null value in column "id_funil" of relation "tbl_funil_utilizador" violates not-null constraint
[2025-11-10 16:40:48] [ERROR]: ❌ Erro ao verificar/cadastrar tbl_utilizador: null value in column "id_funil" of relation "tbl_funil_utilizador" violates not-null constraint
[2025-11-10 16:40:48] [ERROR]: ❌ Erro ao verificar/cadastrar tbl_utilizador: null value in column "id_funil" of relation "tbl_funil_utilizador" violates not-null constraint
[2025-11-10 16:40:48] [ERROR]: ❌ Erro ao verificar/cadastrar tbl_utilizador: null value in column "id_funil" of relation "tbl_funil_utilizador" violates not-null constraint
[2025-11-10 16:40:48] [ERROR]: ❌ Erro ao verificar/cadastrar tbl_utilizador: null value in column "id_funil" of relation "tbl_funil_utilizador" violates not-null constraint
[2025-11-10 16:40:48] [ERROR]: ❌ Erro ao verificar/cadastrar tbl_utilizador: null value in column "id_funil" of relation "tbl_funil_utilizador" violates not-null constraint
[2025-11-10 16:40:48] [ERROR]: ❌ Erro ao verificar/cadastrar tbl_utilizador: null value in column "id_funil" of relation "tbl_funil_utilizador" violates not-null constraint
[2025-11-10 16:46:40] [ERROR]: ❌ Erro ao verificar/cadastrar tbl_utilizador: insert or update on table "tbl_funil_utilizador" violates foreign key constraint "fk_tbl_funil_utilizador_tbl_funil_1"
[2025-11-10 16:49:00] [ERROR]: ❌ Erro ao verificar/cadastrar tbl_utilizador: insert or update on table "tbl_funil_utilizador" violates foreign key constraint "fk_tbl_funil_utilizador_tbl_funil_1"
[2025-11-10 16:49:33] [ERROR]: ❌ Erro de conexão com PostgreSQL: the database system is starting up
[2025-11-10 16:49:33] [ERROR]: ❌ Erro ao buscar id_funil: the database system is starting up
[2025-11-10 16:50:55] [ERROR]: ❌ Erro ao verificar/cadastrar tbl_utilizador: insert or update on table "tbl_funil_utilizador" violates foreign key constraint "fk_tbl_funil_utilizador_tbl_utilizador_2"
[2025-11-10 16:51:03] [ERROR]: ❌ Erro ao verificar/cadastrar tbl_utilizador: insert or update on table "tbl_funil_utilizador" violates foreign key constraint "fk_tbl_funil_utilizador_tbl_utilizador_2"
[2025-11-10 16:51:13] [ERROR]: ❌ Erro ao verificar/cadastrar tbl_utilizador: insert or update on table "tbl_funil_utilizador" violates foreign key constraint "fk_tbl_funil_utilizador_tbl_utilizador_2"
[2025-11-10 16:51:14] [ERROR]: ❌ Erro ao verificar/cadastrar tbl_utilizador: insert or update on table "tbl_funil_utilizador" violates foreign key constraint "fk_tbl_funil_utilizador_tbl_utilizador_2"
[2025-11-10 16:54:17] [ERROR]: ❌ Erro ao verificar/cadastrar tbl_utilizador: insert or update on table "tbl_funil_utilizador" violates foreign key constraint "fk_tbl_funil_utilizador_tbl_utilizador_2"
[2025-11-10 18:44:11] [ERROR]: ❌ Erro de conexão com PostgreSQL: the database system is starting up
[2025-11-10 18:44:11] [ERROR]: ❌ Erro ao buscar id_funil: the database system is starting up
[2025-11-10 18:56:01] [ERROR]: ❌ Erro de conexão com PostgreSQL: the database system is starting up
[2025-11-10 18:56:01] [ERROR]: ❌ Erro ao buscar id_funil: the database system is starting up
[2025-11-10 19:07:22] [ERROR]: ❌ Erro de conexão com PostgreSQL: the database system is starting up
[2025-11-10 19:07:22] [ERROR]: ❌ Erro ao buscar id_funil: the database system is starting up
[2025-11-10 19:27:38] [ERROR]: ❌ Erro no processamento do webhook: Request failed with status code 500
[2025-11-10 19:28:13] [ERROR]: ❌ Erro no processamento do webhook: Request failed with status code 500
[2025-11-10 19:49:34] [ERROR]: ❌ Erro no processamento do webhook: Request failed with status code 500
[2025-11-10 20:13:01] [ERROR]: ❌ Erro ao buscar id_funil: the database system is starting up
[2025-11-10 20:13:01] [ERROR]: ❌ Erro de conexão com PostgreSQL: the database system is starting up
[2025-11-10 20:14:37] [ERROR]: ❌ Erro ao verificar/cadastrar tbl_utilizador: insert or update on table "tbl_funil_utilizador" violates foreign key constraint "fk_tbl_funil_utilizador_tbl_utilizador_2"
[2025-11-10 20:14:38] [ERROR]: ❌ Erro ao verificar/cadastrar tbl_utilizador: insert or update on table "tbl_funil_utilizador" violates foreign key constraint "fk_tbl_funil_utilizador_tbl_utilizador_2"
[2025-11-11 18:01:55] [ERROR]: ❌ Erro de conexão com PostgreSQL: the database system is starting up
[2025-11-11 18:01:55] [ERROR]: ❌ Erro ao buscar id_funil: the database system is starting up
[2025-11-11 18:03:51] [ERROR]: ❌ Erro no processamento do webhook: vIsUtilizador is not defined
[2025-11-11 18:14:33] [ERROR]: ❌ Erro no processamento do webhook: vIsUtilizador is not defined
[2025-11-11 18:54:41] [ERROR]: ❌ Erro de conexão com PostgreSQL: the database system is starting up
[2025-11-11 18:54:41] [ERROR]: ❌ Erro ao buscar id_funil: the database system is starting up
[2025-11-11 19:04:21] [ERROR]: ❌ Erro no processamento do webhook: vIsUtilizador is not defined
[2025-11-11 19:04:33] [ERROR]: ❌ Erro no processamento do webhook: vIsUtilizador is not defined
[2025-11-11 19:04:43] [ERROR]: ❌ Erro ao verificar/cadastrar tbl_utilizador: insert or update on table "tbl_funil_utilizador" violates foreign key constraint "fk_tbl_funil_utilizador_tbl_utilizador_2"
[2025-11-11 19:04:43] [ERROR]: ❌ Erro no processamento do webhook: vIsUtilizador is not defined
[2025-11-11 19:04:58] [ERROR]: ❌ Erro no processamento do webhook: vIsUtilizador is not defined
[2025-11-11 19:05:11] [ERROR]: ❌ Erro no processamento do webhook: vIsUtilizador is not defined
[2025-11-11 19:05:19] [ERROR]: ❌ Erro no processamento do webhook: vIsUtilizador is not defined
[2025-11-11 19:06:36] [ERROR]: ❌ Erro no processamento do webhook: vIsUtilizador is not defined
[2025-11-11 19:07:00] [ERROR]: ❌ Erro no processamento do webhook: vIsUtilizador is not defined
[2025-11-11 19:29:21] [ERROR]: ❌ Erro no processamento do webhook: vIsUtilizador is not defined
[2025-11-11 19:30:17] [ERROR]: ❌ Erro no processamento do webhook: vIsUtilizador is not defined
[2025-11-11 19:34:10] [ERROR]: ❌ Erro no processamento do webhook: vIsUtilizador is not defined
[2025-11-11 19:40:03] [ERROR]: ❌ Erro no processamento do webhook: vIsUtilizador is not defined
[2025-11-12 18:59:13] [ERROR]: ❌ Erro de conexão com PostgreSQL: the database system is starting up
[2025-11-12 18:59:13] [ERROR]: ❌ Erro ao buscar id_funil: the database system is starting up
[2025-11-19 19:00:55] [ERROR]: ❌ Erro de conexão com PostgreSQL: the database system is starting up
[2025-11-19 19:00:55] [ERROR]: ❌ Erro ao buscar id_funil: the database system is starting up
[2025-12-11 19:08:51] [ERROR]: ❌ Erro de conexão com PostgreSQL: the database system is starting up
[2025-12-11 19:08:51] [ERROR]: ❌ Erro ao buscar id_funil: the database system is starting up
[2025-12-12 18:21:12] [ERROR]: ❌ Erro de conexão com PostgreSQL: the database system is starting up
[2025-12-12 18:21:12] [ERROR]: ❌ Erro ao buscar id_funil: the database system is starting up
[2025-12-12 18:55:19] [ERROR]: ❌ Erro de conexão com PostgreSQL: the database system is starting up
[2025-12-12 18:55:19] [ERROR]: ❌ Erro ao buscar id_funil: the database system is starting up
[2025-12-22 17:56:42] [ERROR]: ❌ Erro de conexão com PostgreSQL: the database system is starting up
[2025-12-22 17:56:42] [ERROR]: ❌ Erro ao buscar id_funil: the database system is starting up
[2025-12-22 18:42:03] [ERROR]: ❌ Erro de conexão com PostgreSQL: the database system is starting up
[2025-12-22 18:42:03] [ERROR]: ❌ Erro ao buscar id_funil: the database system is starting up
[2025-12-22 19:03:07] [ERROR]: ❌ Erro de conexão com PostgreSQL: the database system is starting up
[2025-12-22 19:03:07] [ERROR]: ❌ Erro ao buscar id_funil: the database system is starting up
[2026-01-09 19:15:14] [ERROR]: ❌ Erro de conexão com PostgreSQL: the database system is starting up
[2026-01-09 19:15:14] [ERROR]: ❌ Erro ao buscar id_funil: the database system is starting up
[2026-01-09 19:39:39] [ERROR]: ❌ Erro ao buscar id_funil: the database system is starting up
[2026-01-09 19:39:39] [ERROR]: ❌ Erro de conexão com PostgreSQL: the database system is starting up
[2026-01-13 17:40:58] [ERROR]: ❌ Erro ao buscar id_funil: the database system is starting up
[2026-01-13 17:40:58] [ERROR]: ❌ Erro de conexão com PostgreSQL: the database system is starting up
[2026-01-13 18:18:53] [ERROR]: ❌ Erro de conexão com PostgreSQL: the database system is starting up
[2026-01-13 18:18:53] [ERROR]: ❌ Erro ao buscar id_funil: the database system is starting up
[2026-01-13 19:26:54] [ERROR]: ❌ Erro de conexão com PostgreSQL: the database system is starting up
[2026-01-13 19:26:54] [ERROR]: ❌ Erro ao buscar id_funil: the database system is starting up
[2026-01-13 19:47:01] [ERROR]: ❌ Erro de conexão com PostgreSQL: the database system is starting up
[2026-01-13 19:47:01] [ERROR]: ❌ Erro ao buscar id_funil: the database system is starting up
[2026-01-14 17:59:26] [ERROR]: ❌ Erro de conexão com PostgreSQL: the database system is starting up
[2026-01-14 17:59:26] [ERROR]: ❌ Erro ao buscar id_funil: the database system is starting up
[2026-01-14 19:48:25] [ERROR]: ❌ Erro de conexão com PostgreSQL: the database system is starting up
[2026-01-14 19:48:25] [ERROR]: ❌ Erro ao buscar id_funil: the database system is starting up
[2026-01-14 20:16:27] [ERROR]: ❌ Erro ao salvar WhatsApp (Baileys): MessageModel.saveMessageFromBaileys is not a function
[2026-01-14 20:16:27] [ERROR]: ❌ Erro ao salvar WhatsApp (Baileys): MessageModel.saveMessageFromBaileys is not a function
[2026-01-14 20:16:31] [ERROR]: ❌ Erro ao salvar WhatsApp (Baileys): MessageModel.saveMessageFromBaileys is not a function
[2026-01-14 20:16:31] [ERROR]: ❌ Erro ao salvar WhatsApp (Baileys): MessageModel.saveMessageFromBaileys is not a function
[2026-01-14 20:16:33] [ERROR]: ❌ Erro ao salvar WhatsApp (Baileys): MessageModel.saveMessageFromBaileys is not a function
[2026-01-14 20:16:46] [ERROR]: ❌ Erro ao salvar WhatsApp (Baileys): MessageModel.saveMessageFromBaileys is not a function
[2026-01-14 20:16:53] [ERROR]: ❌ Erro ao salvar WhatsApp (Baileys): MessageModel.saveMessageFromBaileys is not a function
[2026-01-14 20:16:58] [ERROR]: ❌ Erro ao salvar WhatsApp (Baileys): MessageModel.saveMessageFromBaileys is not a function
[2026-01-14 20:17:00] [ERROR]: ❌ Erro ao salvar WhatsApp (Baileys): MessageModel.saveMessageFromBaileys is not a function
[2026-01-14 20:17:05] [ERROR]: ❌ Erro ao salvar WhatsApp (Baileys): MessageModel.saveMessageFromBaileys is not a function
[2026-01-14 20:17:11] [ERROR]: ❌ Erro ao salvar WhatsApp (Baileys): MessageModel.saveMessageFromBaileys is not a function
[2026-01-14 20:17:26] [ERROR]: ❌ Erro ao salvar WhatsApp (Baileys): MessageModel.saveMessageFromBaileys is not a function
[2026-01-14 20:17:37] [ERROR]: ❌ Erro ao salvar WhatsApp (Baileys): MessageModel.saveMessageFromBaileys is not a function
[2026-01-14 20:17:44] [ERROR]: ❌ Erro ao salvar WhatsApp (Baileys): MessageModel.saveMessageFromBaileys is not a function
[2026-01-14 20:17:52] [ERROR]: ❌ Erro ao salvar WhatsApp (Baileys): MessageModel.saveMessageFromBaileys is not a function
[2026-01-14 20:17:59] [ERROR]: ❌ Erro ao salvar WhatsApp (Baileys): MessageModel.saveMessageFromBaileys is not a function
[2026-01-14 20:18:04] [ERROR]: ❌ Erro ao salvar WhatsApp (Baileys): MessageModel.saveMessageFromBaileys is not a function
[2026-01-14 20:18:11] [ERROR]: ❌ Erro ao salvar WhatsApp (Baileys): MessageModel.saveMessageFromBaileys is not a function
[2026-01-14 20:18:21] [ERROR]: ❌ Erro ao salvar WhatsApp (Baileys): MessageModel.saveMessageFromBaileys is not a function
[2026-01-14 20:18:39] [ERROR]: ❌ Erro ao salvar WhatsApp (Baileys): MessageModel.saveMessageFromBaileys is not a function
[2026-01-14 20:18:46] [ERROR]: ❌ Erro ao salvar WhatsApp (Baileys): MessageModel.saveMessageFromBaileys is not a function
[2026-01-14 20:18:53] [ERROR]: ❌ Erro ao salvar WhatsApp (Baileys): MessageModel.saveMessageFromBaileys is not a function
[2026-01-14 20:19:06] [ERROR]: ❌ Erro ao salvar WhatsApp (Baileys): MessageModel.saveMessageFromBaileys is not a function
[2026-01-14 20:19:20] [ERROR]: ❌ Erro ao salvar WhatsApp (Baileys): MessageModel.saveMessageFromBaileys is not a function
[2026-01-14 20:19:34] [ERROR]: ❌ Erro ao salvar WhatsApp (Baileys): MessageModel.saveMessageFromBaileys is not a function
[2026-01-14 20:19:45] [ERROR]: ❌ Erro ao salvar WhatsApp (Baileys): MessageModel.saveMessageFromBaileys is not a function
[2026-01-14 20:19:57] [ERROR]: ❌ Erro ao salvar WhatsApp (Baileys): MessageModel.saveMessageFromBaileys is not a function
[2026-01-14 20:20:08] [ERROR]: ❌ Erro ao salvar WhatsApp (Baileys): MessageModel.saveMessageFromBaileys is not a function
[2026-01-14 20:20:11] [ERROR]: ❌ Erro ao salvar WhatsApp (Baileys): MessageModel.saveMessageFromBaileys is not a function
[2026-01-14 20:20:12] [ERROR]: ❌ Erro ao salvar WhatsApp (Baileys): MessageModel.saveMessageFromBaileys is not a function
[2026-01-14 20:20:23] [ERROR]: ❌ Erro ao salvar WhatsApp (Baileys): MessageModel.saveMessageFromBaileys is not a function
[2026-01-14 20:20:27] [ERROR]: ❌ Erro ao salvar WhatsApp (Baileys): MessageModel.saveMessageFromBaileys is not a function
[2026-01-14 20:20:51] [ERROR]: ❌ Erro ao salvar WhatsApp (Baileys): MessageModel.saveMessageFromBaileys is not a function
[2026-01-14 20:21:02] [ERROR]: ❌ Erro ao salvar WhatsApp (Baileys): MessageModel.saveMessageFromBaileys is not a function
[2026-01-14 20:21:16] [ERROR]: ❌ Erro ao salvar WhatsApp (Baileys): MessageModel.saveMessageFromBaileys is not a function
[2026-01-14 20:21:31] [ERROR]: ❌ Erro ao salvar WhatsApp (Baileys): MessageModel.saveMessageFromBaileys is not a function
[2026-01-14 20:21:37] [ERROR]: ❌ Erro ao salvar WhatsApp (Baileys): MessageModel.saveMessageFromBaileys is not a function
[2026-01-14 20:21:41] [ERROR]: ❌ Erro ao salvar WhatsApp (Baileys): MessageModel.saveMessageFromBaileys is not a function
[2026-01-14 20:21:46] [ERROR]: ❌ Erro ao salvar WhatsApp (Baileys): MessageModel.saveMessageFromBaileys is not a function
[2026-01-14 20:21:55] [ERROR]: ❌ Erro ao salvar WhatsApp (Baileys): MessageModel.saveMessageFromBaileys is not a function
[2026-01-14 20:22:02] [ERROR]: ❌ Erro ao salvar WhatsApp (Baileys): MessageModel.saveMessageFromBaileys is not a function
[2026-01-14 20:22:05] [ERROR]: ❌ Erro ao salvar WhatsApp (Baileys): MessageModel.saveMessageFromBaileys is not a function
[2026-01-14 20:22:11] [ERROR]: ❌ Erro ao salvar WhatsApp (Baileys): MessageModel.saveMessageFromBaileys is not a function
[2026-01-14 20:22:18] [ERROR]: ❌ Erro ao salvar WhatsApp (Baileys): MessageModel.saveMessageFromBaileys is not a function
[2026-01-14 20:22:25] [ERROR]: ❌ Erro ao salvar WhatsApp (Baileys): MessageModel.saveMessageFromBaileys is not a function
[2026-01-14 20:22:25] [ERROR]: ❌ Erro ao salvar WhatsApp (Baileys): MessageModel.saveMessageFromBaileys is not a function
[2026-01-14 20:22:35] [ERROR]: ❌ Erro ao salvar WhatsApp (Baileys): MessageModel.saveMessageFromBaileys is not a function
[2026-01-14 20:22:52] [ERROR]: ❌ Erro ao salvar WhatsApp (Baileys): MessageModel.saveMessageFromBaileys is not a function
[2026-01-14 20:22:52] [ERROR]: ❌ Erro ao salvar WhatsApp (Baileys): MessageModel.saveMessageFromBaileys is not a function
[2026-01-14 20:23:08] [ERROR]: ❌ Erro ao salvar WhatsApp (Baileys): MessageModel.saveMessageFromBaileys is not a function
[2026-01-14 20:23:51] [ERROR]: ❌ Erro ao salvar WhatsApp (Baileys): MessageModel.saveMessageFromBaileys is not a function
[2026-01-14 20:24:31] [ERROR]: ❌ Erro ao salvar WhatsApp (Baileys): MessageModel.saveMessageFromBaileys is not a function
[2026-01-14 20:24:34] [ERROR]: ❌ Erro ao salvar WhatsApp (Baileys): MessageModel.saveMessageFromBaileys is not a function
[2026-01-14 20:26:15] [ERROR]: ❌ Erro ao salvar WhatsApp (Baileys): MessageModel.saveMessageFromBaileys is not a function
[2026-01-14 20:26:29] [ERROR]: ❌ Erro ao salvar WhatsApp (Baileys): MessageModel.saveMessageFromBaileys is not a function
[2026-01-14 20:27:16] [ERROR]: ❌ Erro ao salvar WhatsApp (Baileys): MessageModel.saveMessageFromBaileys is not a function
[2026-01-14 20:28:17] [ERROR]: ❌ Erro ao salvar WhatsApp (Baileys): MessageModel.saveMessageFromBaileys is not a function
[2026-01-14 20:28:36] [ERROR]: ❌ Erro ao salvar WhatsApp (Baileys): MessageModel.saveMessageFromBaileys is not a function
[2026-01-14 20:28:37] [ERROR]: ❌ Erro ao salvar WhatsApp (Baileys): MessageModel.saveMessageFromBaileys is not a function
[2026-01-14 20:29:52] [ERROR]: ❌ Erro ao salvar WhatsApp (Baileys): MessageModel.saveMessageFromBaileys is not a function
[2026-01-14 20:30:00] [ERROR]: ❌ Erro ao salvar WhatsApp (Baileys): MessageModel.saveMessageFromBaileys is not a function
[2026-01-14 20:30:02] [ERROR]: ❌ Erro ao salvar WhatsApp (Baileys): MessageModel.saveMessageFromBaileys is not a function
[2026-01-14 20:30:02] [ERROR]: ❌ Erro ao salvar WhatsApp (Baileys): MessageModel.saveMessageFromBaileys is not a function
[2026-01-14 20:30:03] [ERROR]: ❌ Erro ao salvar WhatsApp (Baileys): MessageModel.saveMessageFromBaileys is not a function
[2026-01-14 20:32:51] [ERROR]: ❌ Erro ao salvar WhatsApp (Baileys): MessageModel.saveMessageFromBaileys is not a function
[2026-01-14 20:33:04] [ERROR]: ❌ Erro ao salvar WhatsApp (Baileys): MessageModel.saveMessageFromBaileys is not a function
[2026-01-14 20:36:05] [ERROR]: ❌ Erro ao salvar WhatsApp (Baileys): MessageModel.saveMessageFromBaileys is not a function
[2026-01-14 20:36:18] [ERROR]: ❌ Erro ao salvar WhatsApp (Baileys): MessageModel.saveMessageFromBaileys is not a function
[2026-01-14 20:36:18] [ERROR]: ❌ Erro ao salvar WhatsApp (Baileys): MessageModel.saveMessageFromBaileys is not a function
[2026-01-14 20:36:25] [ERROR]: ❌ Erro ao salvar WhatsApp (Baileys): MessageModel.saveMessageFromBaileys is not a function
[2026-01-14 20:36:43] [ERROR]: ❌ Erro ao salvar WhatsApp (Baileys): MessageModel.saveMessageFromBaileys is not a function
[2026-01-14 20:36:52] [ERROR]: ❌ Erro ao salvar WhatsApp (Baileys): MessageModel.saveMessageFromBaileys is not a function
[2026-01-14 20:39:02] [ERROR]: ❌ Erro ao salvar WhatsApp (Baileys): MessageModel.saveMessageFromBaileys is not a function
[2026-01-19 19:17:48] [ERROR]: ❌ Erro ao buscar id_funil: the database system is starting up
[2026-01-19 19:17:48] [ERROR]: ❌ Erro de conexão com PostgreSQL: the database system is starting up
[2026-01-20 18:03:08] [ERROR]: ❌ Erro no processamento do webhook: Invalid URL
[2026-01-20 18:04:34] [ERROR]: ❌ Erro utilizador WhatsApp: value too long for type character varying(20)
[2026-01-20 18:07:38] [ERROR]: ❌ Erro no processamento do webhook: Invalid URL
[2026-01-20 18:11:23] [ERROR]: ❌ Erro no processamento do webhook: Invalid URL
[2026-01-20 18:11:24] [ERROR]: ❌ Erro no processamento do webhook: Invalid URL
[2026-01-20 18:11:24] [ERROR]: ❌ Erro utilizador WhatsApp: value too long for type character varying(20)
[2026-01-20 18:11:53] [ERROR]: ❌ Erro utilizador WhatsApp: value too long for type character varying(20)
[2026-01-20 18:12:01] [ERROR]: ❌ Erro utilizador WhatsApp: value too long for type character varying(20)
[2026-01-20 18:13:35] [ERROR]: ❌ Erro utilizador WhatsApp: value too long for type character varying(20)
[2026-01-20 18:13:36] [ERROR]: ❌ Erro utilizador WhatsApp: value too long for type character varying(20)
[2026-01-20 18:14:50] [ERROR]: ❌ Erro utilizador WhatsApp: value too long for type character varying(20)
[2026-01-20 18:16:40] [ERROR]: ❌ Erro utilizador WhatsApp: value too long for type character varying(20)
[2026-01-20 18:17:29] [ERROR]: ❌ Erro utilizador WhatsApp: value too long for type character varying(20)
[2026-01-20 18:17:51] [ERROR]: ❌ Erro utilizador WhatsApp: value too long for type character varying(20)
[2026-01-20 18:18:06] [ERROR]: ❌ Erro utilizador WhatsApp: value too long for type character varying(20)
[2026-01-20 18:18:11] [ERROR]: ❌ Erro utilizador WhatsApp: value too long for type character varying(20)
[2026-01-20 18:18:16] [ERROR]: ❌ Erro utilizador WhatsApp: value too long for type character varying(20)
[2026-01-20 18:18:39] [ERROR]: ❌ Erro utilizador WhatsApp: value too long for type character varying(20)
[2026-01-20 18:19:26] [ERROR]: ❌ Erro utilizador WhatsApp: value too long for type character varying(20)
[2026-01-20 18:19:59] [ERROR]: ❌ Erro utilizador WhatsApp: value too long for type character varying(20)
[2026-01-20 18:20:31] [ERROR]: ❌ Erro utilizador WhatsApp: value too long for type character varying(20)
[2026-01-20 18:20:46] [ERROR]: ❌ Erro utilizador WhatsApp: value too long for type character varying(20)
[2026-01-20 18:20:50] [ERROR]: ❌ Erro utilizador WhatsApp: value too long for type character varying(20)
[2026-01-20 18:20:59] [ERROR]: ❌ Erro utilizador WhatsApp: value too long for type character varying(20)
[2026-01-20 18:21:32] [ERROR]: ❌ Erro utilizador WhatsApp: value too long for type character varying(20)
[2026-01-20 18:21:41] [ERROR]: ❌ Erro utilizador WhatsApp: value too long for type character varying(20)
[2026-01-20 18:21:52] [ERROR]: ❌ Erro utilizador WhatsApp: value too long for type character varying(20)
[2026-01-20 18:22:01] [ERROR]: ❌ Erro utilizador WhatsApp: value too long for type character varying(20)
[2026-01-20 18:22:12] [ERROR]: ❌ Erro utilizador WhatsApp: value too long for type character varying(20)
[2026-01-20 18:24:17] [ERROR]: ❌ Erro utilizador WhatsApp: value too long for type character varying(20)
[2026-01-20 18:25:15] [ERROR]: ❌ Erro utilizador WhatsApp: value too long for type character varying(20)
[2026-01-20 18:25:32] [ERROR]: ❌ Erro utilizador WhatsApp: value too long for type character varying(20)
[2026-01-20 18:27:02] [ERROR]: ❌ Erro no processamento do webhook: Invalid URL
[2026-01-20 18:36:46] [ERROR]: ❌ Erro no processamento do webhook: Invalid URL
[2026-01-20 18:36:55] [ERROR]: ❌ Erro no processamento do webhook: Invalid URL
[2026-01-20 18:41:09] [ERROR]: ❌ Erro utilizador WhatsApp: value too long for type character varying(20)
[2026-01-20 18:41:10] [ERROR]: ❌ Erro utilizador WhatsApp: value too long for type character varying(20)
[2026-01-20 18:41:10] [ERROR]: ❌ Erro utilizador WhatsApp: value too long for type character varying(20)
[2026-01-20 18:41:11] [ERROR]: ❌ Erro utilizador WhatsApp: value too long for type character varying(20)
[2026-01-20 18:41:15] [ERROR]: ❌ Erro utilizador WhatsApp: value too long for type character varying(20)
[2026-01-20 18:41:38] [ERROR]: ❌ Erro utilizador WhatsApp: value too long for type character varying(20)
[2026-01-20 18:41:40] [ERROR]: ❌ Erro utilizador WhatsApp: value too long for type character varying(20)
[2026-01-20 18:41:43] [ERROR]: ❌ Erro utilizador WhatsApp: value too long for type character varying(20)
[2026-01-20 18:41:44] [ERROR]: ❌ Erro utilizador WhatsApp: value too long for type character varying(20)
[2026-01-20 18:41:45] [ERROR]: ❌ Erro utilizador WhatsApp: value too long for type character varying(20)
[2026-01-20 18:41:46] [ERROR]: ❌ Erro utilizador WhatsApp: value too long for type character varying(20)
[2026-01-20 18:41:51] [ERROR]: ❌ Erro utilizador WhatsApp: value too long for type character varying(20)
[2026-01-20 18:42:01] [ERROR]: ❌ Erro utilizador WhatsApp: value too long for type character varying(20)
[2026-01-20 18:42:02] [ERROR]: ❌ Erro utilizador WhatsApp: value too long for type character varying(20)
[2026-01-20 18:42:03] [ERROR]: ❌ Erro utilizador WhatsApp: value too long for type character varying(20)
[2026-01-20 18:42:09] [ERROR]: ❌ Erro utilizador WhatsApp: value too long for type character varying(20)
[2026-01-20 18:42:12] [ERROR]: ❌ Erro utilizador WhatsApp: value too long for type character varying(20)
[2026-01-20 18:42:14] [ERROR]: ❌ Erro utilizador WhatsApp: value too long for type character varying(20)
[2026-01-20 18:42:17] [ERROR]: ❌ Erro utilizador WhatsApp: value too long for type character varying(20)
[2026-01-20 18:42:20] [ERROR]: ❌ Erro utilizador WhatsApp: value too long for type character varying(20)
[2026-01-20 18:42:22] [ERROR]: ❌ Erro utilizador WhatsApp: value too long for type character varying(20)
[2026-01-20 18:42:26] [ERROR]: ❌ Erro utilizador WhatsApp: value too long for type character varying(20)
[2026-01-20 18:42:28] [ERROR]: ❌ Erro utilizador WhatsApp: value too long for type character varying(20)
[2026-01-20 18:42:30] [ERROR]: ❌ Erro utilizador WhatsApp: value too long for type character varying(20)
[2026-01-20 18:42:33] [ERROR]: ❌ Erro utilizador WhatsApp: value too long for type character varying(20)
[2026-01-20 18:42:36] [ERROR]: ❌ Erro utilizador WhatsApp: value too long for type character varying(20)
[2026-01-20 18:42:36] [ERROR]: ❌ Erro utilizador WhatsApp: value too long for type character varying(20)
[2026-01-20 18:42:38] [ERROR]: ❌ Erro utilizador WhatsApp: value too long for type character varying(20)
[2026-01-20 18:42:40] [ERROR]: ❌ Erro utilizador WhatsApp: value too long for type character varying(20)
[2026-01-20 18:42:43] [ERROR]: ❌ Erro utilizador WhatsApp: value too long for type character varying(20)
[2026-01-20 18:42:46] [ERROR]: ❌ Erro utilizador WhatsApp: value too long for type character varying(20)
[2026-01-20 18:42:48] [ERROR]: ❌ Erro utilizador WhatsApp: value too long for type character varying(20)
[2026-01-20 18:42:49] [ERROR]: ❌ Erro utilizador WhatsApp: value too long for type character varying(20)
[2026-01-20 18:42:51] [ERROR]: ❌ Erro utilizador WhatsApp: value too long for type character varying(20)
[2026-01-20 18:42:53] [ERROR]: ❌ Erro utilizador WhatsApp: value too long for type character varying(20)
[2026-01-20 18:42:56] [ERROR]: ❌ Erro utilizador WhatsApp: value too long for type character varying(20)
[2026-01-20 18:42:59] [ERROR]: ❌ Erro utilizador WhatsApp: value too long for type character varying(20)
[2026-01-20 18:43:02] [ERROR]: ❌ Erro utilizador WhatsApp: value too long for type character varying(20)
[2026-01-20 18:43:05] [ERROR]: ❌ Erro utilizador WhatsApp: value too long for type character varying(20)
[2026-01-20 18:43:08] [ERROR]: ❌ Erro utilizador WhatsApp: value too long for type character varying(20)
[2026-01-20 18:43:11] [ERROR]: ❌ Erro utilizador WhatsApp: value too long for type character varying(20)
[2026-01-20 18:43:14] [ERROR]: ❌ Erro utilizador WhatsApp: value too long for type character varying(20)
[2026-01-20 18:43:16] [ERROR]: ❌ Erro utilizador WhatsApp: value too long for type character varying(20)
[2026-01-20 18:43:18] [ERROR]: ❌ Erro utilizador WhatsApp: value too long for type character varying(20)
[2026-01-20 18:43:20] [ERROR]: ❌ Erro utilizador WhatsApp: value too long for type character varying(20)
[2026-01-20 18:43:22] [ERROR]: ❌ Erro utilizador WhatsApp: value too long for type character varying(20)
[2026-01-20 18:43:23] [ERROR]: ❌ Erro utilizador WhatsApp: value too long for type character varying(20)
[2026-01-20 18:43:26] [ERROR]: ❌ Erro utilizador WhatsApp: value too long for type character varying(20)
[2026-01-20 18:43:28] [ERROR]: ❌ Erro utilizador WhatsApp: value too long for type character varying(20)
[2026-01-20 18:43:30] [ERROR]: ❌ Erro utilizador WhatsApp: value too long for type character varying(20)
[2026-01-20 18:43:32] [ERROR]: ❌ Erro utilizador WhatsApp: value too long for type character varying(20)
[2026-01-20 18:43:34] [ERROR]: ❌ Erro utilizador WhatsApp: value too long for type character varying(20)
[2026-01-20 18:43:36] [ERROR]: ❌ Erro utilizador WhatsApp: value too long for type character varying(20)
[2026-01-20 18:43:38] [ERROR]: ❌ Erro utilizador WhatsApp: value too long for type character varying(20)
[2026-01-20 18:43:41] [ERROR]: ❌ Erro utilizador WhatsApp: value too long for type character varying(20)
[2026-01-20 18:43:44] [ERROR]: ❌ Erro utilizador WhatsApp: value too long for type character varying(20)
[2026-01-20 18:43:46] [ERROR]: ❌ Erro utilizador WhatsApp: value too long for type character varying(20)
[2026-01-20 18:43:49] [ERROR]: ❌ Erro utilizador WhatsApp: value too long for type character varying(20)
[2026-01-20 18:43:51] [ERROR]: ❌ Erro utilizador WhatsApp: value too long for type character varying(20)
[2026-01-20 18:43:54] [ERROR]: ❌ Erro utilizador WhatsApp: value too long for type character varying(20)
[2026-01-20 18:43:56] [ERROR]: ❌ Erro utilizador WhatsApp: value too long for type character varying(20)
[2026-01-20 18:43:59] [ERROR]: ❌ Erro utilizador WhatsApp: value too long for type character varying(20)
[2026-01-20 18:44:01] [ERROR]: ❌ Erro utilizador WhatsApp: value too long for type character varying(20)
[2026-01-20 18:44:04] [ERROR]: ❌ Erro utilizador WhatsApp: value too long for type character varying(20)
[2026-01-20 18:44:06] [ERROR]: ❌ Erro utilizador WhatsApp: value too long for type character varying(20)
[2026-01-20 18:44:09] [ERROR]: ❌ Erro utilizador WhatsApp: value too long for type character varying(20)
[2026-01-20 18:44:11] [ERROR]: ❌ Erro utilizador WhatsApp: value too long for type character varying(20)
[2026-01-20 18:44:13] [ERROR]: ❌ Erro utilizador WhatsApp: value too long for type character varying(20)
[2026-01-20 18:44:15] [ERROR]: ❌ Erro utilizador WhatsApp: value too long for type character varying(20)
[2026-01-20 18:44:18] [ERROR]: ❌ Erro utilizador WhatsApp: value too long for type character varying(20)
[2026-01-20 18:44:20] [ERROR]: ❌ Erro utilizador WhatsApp: value too long for type character varying(20)
[2026-01-20 18:56:23] [ERROR]: ❌ Erro no processamento do webhook: Invalid URL
[2026-01-20 18:56:28] [ERROR]: ❌ Erro utilizador WhatsApp: value too long for type character varying(20)
[2026-01-20 18:59:17] [ERROR]: ❌ Erro no processamento do webhook: Invalid URL
[2026-01-20 19:06:08] [ERROR]: ❌ Erro utilizador WhatsApp: value too long for type character varying(20)
[2026-01-20 19:06:08] [ERROR]: ❌ Erro utilizador WhatsApp: value too long for type character varying(20)
[2026-01-20 19:06:09] [ERROR]: ❌ Erro utilizador WhatsApp: value too long for type character varying(20)
[2026-01-20 19:06:11] [ERROR]: ❌ Erro utilizador WhatsApp: value too long for type character varying(20)
[2026-01-20 19:06:14] [ERROR]: ❌ Erro utilizador WhatsApp: value too long for type character varying(20)
[2026-01-20 19:25:40] [ERROR]: ❌ Erro utilizador WhatsApp: value too long for type character varying(20)
[2026-01-20 19:26:28] [ERROR]: ❌ Erro utilizador WhatsApp: value too long for type character varying(20)
[2026-01-20 19:26:38] [ERROR]: ❌ Erro utilizador WhatsApp: value too long for type character varying(20)
[2026-01-20 19:27:01] [ERROR]: ❌ Erro utilizador WhatsApp: value too long for type character varying(20)
[2026-01-20 19:34:13] [ERROR]: ❌ Erro ao buscar id_funil: the database system is starting up
[2026-01-20 19:34:13] [ERROR]: ❌ Erro de conexão com PostgreSQL: the database system is starting up
[2026-01-20 19:34:47] [ERROR]: ❌ Erro utilizador WhatsApp: value too long for type character varying(20)
[2026-01-20 19:34:49] [ERROR]: ❌ Erro utilizador WhatsApp: value too long for type character varying(20)
[2026-01-20 19:35:03] [ERROR]: ❌ Erro utilizador WhatsApp: value too long for type character varying(20)
[2026-01-20 19:38:06] [ERROR]: ❌ Erro utilizador WhatsApp: value too long for type character varying(20)
[2026-01-20 19:38:12] [ERROR]: ❌ Erro utilizador WhatsApp: value too long for type character varying(20)
[2026-01-20 19:38:43] [ERROR]: ❌ Erro utilizador WhatsApp: value too long for type character varying(20)
[2026-01-20 19:49:22] [ERROR]: ❌ Erro de conexão com PostgreSQL: the database system is starting up
[2026-01-20 19:49:22] [ERROR]: ❌ Erro ao buscar id_funil: the database system is starting up
[2026-01-20 20:09:36] [ERROR]: ❌ Erro de conexão com PostgreSQL: the database system is starting up
[2026-01-20 20:09:36] [ERROR]: ❌ Erro ao buscar id_funil: the database system is starting up
[2026-01-20 20:20:54] [ERROR]: ❌ Erro de conexão com PostgreSQL: the database system is starting up
[2026-01-20 20:20:54] [ERROR]: ❌ Erro ao buscar id_funil: the database system is starting up
[2026-01-20 20:40:21] [ERROR]: ❌ Erro ao buscar id_funil: the database system is starting up
[2026-01-20 20:40:21] [ERROR]: ❌ Erro de conexão com PostgreSQL: the database system is starting up
[2026-01-20 20:43:26] [ERROR]: ❌ Erro ao buscar id_funil: the database system is starting up
[2026-01-20 20:43:27] [ERROR]: ❌ Erro de conexão com PostgreSQL: the database system is starting up
[2026-01-20 20:51:57] [ERROR]: ❌ Erro de conexão com PostgreSQL: the database system is starting up
[2026-01-20 20:51:57] [ERROR]: ❌ Erro ao buscar id_funil: the database system is starting up
[2026-01-21 17:50:45] [ERROR]: ❌ Erro utilizador WhatsApp: value too long for type character varying(20)
[2026-01-21 17:50:48] [ERROR]: ❌ Erro utilizador WhatsApp: value too long for type character varying(20)
[2026-01-21 17:51:33] [ERROR]: ❌ Erro utilizador WhatsApp: value too long for type character varying(20)
[2026-01-21 17:51:53] [ERROR]: ❌ Erro utilizador WhatsApp: value too long for type character varying(20)
[2026-01-21 17:51:59] [ERROR]: ❌ Erro utilizador WhatsApp: value too long for type character varying(20)
[2026-01-21 18:03:20] [ERROR]: ❌ Erro utilizador WhatsApp: value too long for type character varying(20)
[2026-01-21 18:03:21] [ERROR]: ❌ Erro utilizador WhatsApp: value too long for type character varying(20)
[2026-01-21 18:03:23] [ERROR]: ❌ Erro utilizador WhatsApp: value too long for type character varying(20)
[2026-01-21 18:03:24] [ERROR]: ❌ Erro utilizador WhatsApp: value too long for type character varying(20)
[2026-01-21 18:03:31] [ERROR]: ❌ Erro utilizador WhatsApp: value too long for type character varying(20)
[2026-01-21 18:03:32] [ERROR]: ❌ Erro utilizador WhatsApp: value too long for type character varying(20)
[2026-01-21 18:03:39] [ERROR]: ❌ Erro utilizador WhatsApp: value too long for type character varying(20)
[2026-01-21 18:03:51] [ERROR]: ❌ Erro utilizador WhatsApp: value too long for type character varying(20)
[2026-01-21 18:04:12] [ERROR]: ❌ Erro utilizador WhatsApp: value too long for type character varying(20)
[2026-01-21 18:07:17] [ERROR]: ❌ Erro utilizador WhatsApp: value too long for type character varying(20)
[2026-01-21 18:07:31] [ERROR]: ❌ Erro utilizador WhatsApp: value too long for type character varying(20)
[2026-01-21 18:07:51] [ERROR]: ❌ Erro utilizador WhatsApp: value too long for type character varying(20)
[2026-01-21 18:10:16] [ERROR]: ❌ Erro utilizador WhatsApp: value too long for type character varying(20)
[2026-01-21 18:10:19] [ERROR]: ❌ Erro utilizador WhatsApp: value too long for type character varying(20)
[2026-01-21 18:10:29] [ERROR]: ❌ Erro utilizador WhatsApp: value too long for type character varying(20)
[2026-01-21 18:14:34] [ERROR]: ❌ Erro utilizador WhatsApp: value too long for type character varying(20)
[2026-01-21 18:14:40] [ERROR]: ❌ Erro utilizador WhatsApp: value too long for type character varying(20)
[2026-01-21 18:14:42] [ERROR]: ❌ Erro utilizador WhatsApp: value too long for type character varying(20)
[2026-01-21 18:14:48] [ERROR]: ❌ Erro utilizador WhatsApp: value too long for type character varying(20)
[2026-01-21 18:14:59] [ERROR]: ❌ Erro utilizador WhatsApp: value too long for type character varying(20)
[2026-01-21 18:15:54] [ERROR]: ❌ Erro utilizador WhatsApp: value too long for type character varying(20)
[2026-01-21 18:16:06] [ERROR]: ❌ Erro utilizador WhatsApp: value too long for type character varying(20)
[2026-01-21 18:16:08] [ERROR]: ❌ Erro utilizador WhatsApp: value too long for type character varying(20)
[2026-01-21 18:16:10] [ERROR]: ❌ Erro utilizador WhatsApp: value too long for type character varying(20)
[2026-01-21 18:34:12] [ERROR]: ❌ Erro utilizador WhatsApp: value too long for type character varying(20)
[2026-01-21 18:34:13] [ERROR]: ❌ Erro utilizador WhatsApp: value too long for type character varying(20)
[2026-01-21 18:34:14] [ERROR]: ❌ Erro utilizador WhatsApp: value too long for type character varying(20)
[2026-01-21 18:34:17] [ERROR]: ❌ Erro utilizador WhatsApp: value too long for type character varying(20)
[2026-01-21 18:34:22] [ERROR]: ❌ Erro utilizador WhatsApp: value too long for type character varying(20)
[2026-01-21 18:34:26] [ERROR]: ❌ Erro utilizador WhatsApp: value too long for type character varying(20)
[2026-01-21 18:34:28] [ERROR]: ❌ Erro utilizador WhatsApp: value too long for type character varying(20)
[2026-01-21 18:34:29] [ERROR]: ❌ Erro utilizador WhatsApp: value too long for type character varying(20)
[2026-01-21 18:34:39] [ERROR]: ❌ Erro utilizador WhatsApp: value too long for type character varying(20)
[2026-01-21 18:34:43] [ERROR]: ❌ Erro utilizador WhatsApp: value too long for type character varying(20)
[2026-01-21 18:34:48] [ERROR]: ❌ Erro utilizador WhatsApp: value too long for type character varying(20)
[2026-01-21 18:34:55] [ERROR]: ❌ Erro utilizador WhatsApp: value too long for type character varying(20)
[2026-01-21 18:46:44] [ERROR]: ❌ Erro no processamento do webhook: Invalid URL
[2026-01-21 18:51:07] [ERROR]: ❌ Erro no processamento do webhook: Invalid URL
[2026-01-21 18:53:59] [ERROR]: ❌ Erro utilizador WhatsApp: value too long for type character varying(20)
[2026-01-21 18:56:24] [ERROR]: ❌ Erro ao buscar id_funil: the database system is starting up
[2026-01-21 18:56:24] [ERROR]: ❌ Erro de conexão com PostgreSQL: the database system is starting up
[2026-01-21 19:07:35] [ERROR]: ❌ Erro utilizador WhatsApp: value too long for type character varying(20)
[2026-01-21 19:08:09] [ERROR]: ❌ Erro utilizador WhatsApp: value too long for type character varying(20)
[2026-01-21 19:09:44] [ERROR]: ❌ Erro utilizador WhatsApp: value too long for type character varying(20)
[2026-01-21 19:18:28] [ERROR]: ❌ Erro utilizador WhatsApp: value too long for type character varying(20)
[2026-01-21 19:33:52] [ERROR]: ❌ Erro utilizador WhatsApp: value too long for type character varying(20)
[2026-01-21 19:37:47] [ERROR]: ❌ Erro utilizador WhatsApp: value too long for type character varying(20)
[2026-01-21 19:37:50] [ERROR]: ❌ Erro utilizador WhatsApp: value too long for type character varying(20)
[2026-01-21 19:40:58] [ERROR]: ❌ Erro utilizador WhatsApp: value too long for type character varying(20)
[2026-01-21 19:44:52] [ERROR]: ❌ Erro utilizador WhatsApp: value too long for type character varying(20)
[2026-01-21 19:44:52] [ERROR]: ❌ Erro utilizador WhatsApp: value too long for type character varying(20)
[2026-01-21 19:44:55] [ERROR]: ❌ Erro utilizador WhatsApp: value too long for type character varying(20)
[2026-01-21 19:45:06] [ERROR]: ❌ Erro utilizador WhatsApp: value too long for type character varying(20)
[2026-01-21 20:12:09] [ERROR]: ❌ Erro utilizador WhatsApp: value too long for type character varying(20)
[2026-01-22 18:02:55] [ERROR]: ❌ Erro utilizador WhatsApp: value too long for type character varying(20)
[2026-01-22 18:02:58] [ERROR]: ❌ Erro utilizador WhatsApp: value too long for type character varying(20)
[2026-01-22 18:03:03] [ERROR]: ❌ Erro utilizador WhatsApp: value too long for type character varying(20)
[2026-01-22 18:03:06] [ERROR]: ❌ Erro utilizador WhatsApp: value too long for type character varying(20)
[2026-01-22 18:03:09] [ERROR]: ❌ Erro utilizador WhatsApp: value too long for type character varying(20)
[2026-01-22 18:03:11] [ERROR]: ❌ Erro utilizador WhatsApp: value too long for type character varying(20)
[2026-01-22 18:04:52] [ERROR]: ❌ Erro utilizador WhatsApp: value too long for type character varying(20)
[2026-01-22 18:04:54] [ERROR]: ❌ Erro no processamento do webhook: Invalid URL
[2026-01-22 18:04:57] [ERROR]: ❌ Erro utilizador WhatsApp: value too long for type character varying(20)
[2026-01-22 18:07:04] [ERROR]: ❌ Erro no processamento do webhook: Invalid URL
[2026-01-22 18:09:49] [ERROR]: ❌ Erro utilizador WhatsApp: value too long for type character varying(20)
[2026-01-22 18:10:29] [ERROR]: ❌ Erro utilizador WhatsApp: value too long for type character varying(20)
[2026-01-22 18:10:31] [ERROR]: ❌ Erro utilizador WhatsApp: value too long for type character varying(20)
[2026-01-22 18:10:37] [ERROR]: ❌ Erro utilizador WhatsApp: value too long for type character varying(20)
[2026-01-22 18:10:48] [ERROR]: ❌ Erro utilizador WhatsApp: value too long for type character varying(20)
[2026-01-22 18:10:55] [ERROR]: ❌ Erro utilizador WhatsApp: value too long for type character varying(20)
[2026-01-22 18:11:07] [ERROR]: ❌ Erro utilizador WhatsApp: value too long for type character varying(20)
[2026-01-22 18:11:30] [ERROR]: ❌ Erro utilizador WhatsApp: value too long for type character varying(20)
[2026-01-22 18:11:41] [ERROR]: ❌ Erro utilizador WhatsApp: value too long for type character varying(20)
[2026-01-22 18:11:55] [ERROR]: ❌ Erro utilizador WhatsApp: value too long for type character varying(20)
[2026-01-22 18:11:58] [ERROR]: ❌ Erro utilizador WhatsApp: value too long for type character varying(20)
[2026-01-22 18:12:02] [ERROR]: ❌ Erro utilizador WhatsApp: value too long for type character varying(20)
[2026-01-22 18:12:08] [ERROR]: ❌ Erro utilizador WhatsApp: value too long for type character varying(20)
[2026-01-22 18:12:30] [ERROR]: ❌ Erro utilizador WhatsApp: value too long for type character varying(20)
[2026-01-22 18:12:52] [ERROR]: ❌ Erro utilizador WhatsApp: value too long for type character varying(20)
[2026-01-22 18:12:57] [ERROR]: ❌ Erro utilizador WhatsApp: value too long for type character varying(20)
[2026-01-22 18:13:31] [ERROR]: ❌ Erro utilizador WhatsApp: value too long for type character varying(20)
[2026-01-22 18:13:50] [ERROR]: ❌ Erro utilizador WhatsApp: value too long for type character varying(20)
[2026-01-22 18:14:05] [ERROR]: ❌ Erro utilizador WhatsApp: value too long for type character varying(20)
[2026-01-22 18:14:41] [ERROR]: ❌ Erro utilizador WhatsApp: value too long for type character varying(20)
[2026-01-22 18:15:08] [ERROR]: ❌ Erro utilizador WhatsApp: value too long for type character varying(20)
[2026-01-22 18:15:36] [ERROR]: ❌ Erro utilizador WhatsApp: value too long for type character varying(20)
[2026-01-22 18:15:53] [ERROR]: ❌ Erro utilizador WhatsApp: value too long for type character varying(20)
[2026-01-22 18:16:48] [ERROR]: ❌ Erro utilizador WhatsApp: value too long for type character varying(20)
[2026-01-22 18:22:55] [ERROR]: ❌ Erro utilizador WhatsApp: value too long for type character varying(20)
[2026-01-22 18:29:17] [ERROR]: ❌ Erro utilizador WhatsApp: value too long for type character varying(20)
[2026-01-22 18:34:37] [ERROR]: ❌ Erro utilizador WhatsApp: value too long for type character varying(20)
[2026-01-22 18:36:41] [ERROR]: ❌ Erro utilizador WhatsApp: value too long for type character varying(20)
[2026-01-22 18:36:54] [ERROR]: ❌ Erro utilizador WhatsApp: value too long for type character varying(20)
[2026-01-22 18:42:31] [ERROR]: ❌ Erro utilizador WhatsApp: value too long for type character varying(20)
[2026-01-23 18:43:14] [ERROR]: ❌ Erro de conexão com PostgreSQL: the database system is starting up
[2026-01-23 18:43:14] [ERROR]: ❌ Erro ao buscar id_funil: the database system is starting up
[2026-01-23 18:45:01] [ERROR]: ❌ Erro ao enviar WhatsApp: Invalid URL
[2026-01-23 18:45:03] [ERROR]: ❌ Erro ao enviar WhatsApp: Invalid URL
[2026-01-23 18:45:11] [ERROR]: ❌ Erro ao enviar WhatsApp: Invalid URL
[2026-01-23 18:45:21] [ERROR]: ❌ Erro ao enviar WhatsApp: Invalid URL
[2026-01-23 18:45:28] [ERROR]: ❌ Erro ao enviar WhatsApp: Invalid URL
[2026-01-23 18:46:06] [ERROR]: ❌ Erro ao enviar WhatsApp: Invalid URL
[2026-01-23 18:46:09] [ERROR]: ❌ Erro ao enviar WhatsApp: Invalid URL
[2026-01-23 18:46:15] [ERROR]: ❌ Erro ao enviar WhatsApp: Invalid URL
[2026-01-23 18:50:23] [ERROR]: ❌ Erro ao enviar WhatsApp: Invalid URL
[2026-01-23 18:50:27] [ERROR]: ❌ Erro ao enviar WhatsApp: Invalid URL
[2026-01-23 18:50:28] [ERROR]: ❌ Erro ao enviar WhatsApp: Invalid URL
[2026-01-23 18:50:37] [ERROR]: ❌ Erro ao enviar WhatsApp: Invalid URL
[2026-01-23 18:50:44] [ERROR]: ❌ Erro ao enviar WhatsApp: Invalid URL
[2026-01-23 18:50:49] [ERROR]: ❌ Erro ao enviar WhatsApp: Invalid URL
[2026-01-23 18:54:24] [ERROR]: ❌ Erro ao enviar WhatsApp: Invalid URL
[2026-01-23 18:54:27] [ERROR]: ❌ Erro ao enviar WhatsApp: Invalid URL
[2026-01-23 18:54:44] [ERROR]: ❌ Erro ao enviar WhatsApp: Invalid URL
[2026-01-23 18:54:48] [ERROR]: ❌ Erro ao enviar WhatsApp: Invalid URL
[2026-01-23 18:55:01] [ERROR]: ❌ Erro ao enviar WhatsApp: Invalid URL
[2026-01-23 18:56:04] [ERROR]: ❌ Erro de conexão com PostgreSQL: the database system is starting up
[2026-01-23 18:56:04] [ERROR]: ❌ Erro ao buscar id_funil: the database system is starting up
[2026-01-23 18:57:19] [ERROR]: ❌ Erro ao enviar WhatsApp: Invalid URL
[2026-01-23 18:57:23] [ERROR]: ❌ Erro ao enviar WhatsApp: Invalid URL
[2026-01-23 18:57:53] [ERROR]: ❌ Erro ao enviar WhatsApp: Invalid URL
[2026-01-23 19:03:13] [ERROR]: ❌ Erro de conexão com PostgreSQL: the database system is starting up
[2026-01-23 19:03:13] [ERROR]: ❌ Erro ao buscar id_funil: the database system is starting up
[2026-01-23 19:08:03] [ERROR]: ❌ Erro ao enviar WhatsApp: timeout of 8000ms exceeded
[2026-01-26 17:29:30] [ERROR]: ❌ Erro ao enviar WhatsApp: Request failed with status code 400
[2026-01-26 17:29:41] [ERROR]: ❌ Erro ao enviar WhatsApp: Request failed with status code 400
[2026-01-26 17:30:08] [ERROR]: ❌ Erro ao enviar WhatsApp: Request failed with status code 400
[2026-01-26 17:32:35] [ERROR]: ❌ Erro ao enviar WhatsApp: Request failed with status code 400
[2026-01-26 17:32:42] [ERROR]: ❌ Erro ao enviar WhatsApp: Request failed with status code 400
[2026-01-26 17:33:07] [ERROR]: ❌ Erro ao enviar WhatsApp: Request failed with status code 400
[2026-01-26 17:33:07] [ERROR]: ❌ Erro ao enviar WhatsApp: Request failed with status code 400
[2026-01-26 17:33:17] [ERROR]: ❌ Erro ao enviar WhatsApp: Request failed with status code 400
[2026-01-26 17:33:27] [ERROR]: ❌ Erro ao enviar WhatsApp: Request failed with status code 400
[2026-01-26 17:33:51] [ERROR]: ❌ Erro ao enviar WhatsApp: Request failed with status code 400
[2026-01-26 17:33:58] [ERROR]: ❌ Erro ao enviar WhatsApp: Request failed with status code 400
[2026-01-26 17:34:16] [ERROR]: ❌ Erro ao enviar WhatsApp: Request failed with status code 400
[2026-01-26 17:34:17] [ERROR]: ❌ Erro ao enviar WhatsApp: Request failed with status code 400
[2026-01-26 17:34:44] [ERROR]: ❌ Erro ao enviar WhatsApp: Request failed with status code 400
[2026-01-26 17:34:51] [ERROR]: ❌ Erro ao enviar WhatsApp: Request failed with status code 400
[2026-01-26 17:55:57] [ERROR]: ❌ Webhook error: value too long for type character varying(20)
[2026-01-26 17:55:57] [ERROR]: ❌ Webhook error: value too long for type character varying(20)
[2026-01-26 17:55:57] [ERROR]: ❌ Webhook error: value too long for type character varying(20)
[2026-01-26 18:38:10] [ERROR]: ❌ Webhook error: value too long for type character varying(20)
[2026-01-26 18:38:11] [ERROR]: ❌ Webhook error: value too long for type character varying(20)
[2026-01-26 18:38:11] [ERROR]: ❌ Webhook error: value too long for type character varying(20)
[2026-01-26 18:38:12] [ERROR]: ❌ Webhook error: value too long for type character varying(20)
[2026-01-26 18:38:33] [ERROR]: ❌ Webhook error: value too long for type character varying(20)
[2026-01-26 18:38:34] [ERROR]: ❌ Webhook error: value too long for type character varying(20)
[2026-01-26 18:38:35] [ERROR]: ❌ Webhook error: value too long for type character varying(20)
[2026-01-26 18:38:35] [ERROR]: ❌ Webhook error: value too long for type character varying(20)
[2026-01-26 18:38:36] [ERROR]: ❌ Webhook error: value too long for type character varying(20)
[2026-01-26 18:38:37] [ERROR]: ❌ Webhook error: value too long for type character varying(20)
[2026-01-26 18:38:38] [ERROR]: ❌ Webhook error: value too long for type character varying(20)
[2026-01-26 18:38:38] [ERROR]: ❌ Webhook error: value too long for type character varying(20)
[2026-01-26 18:38:39] [ERROR]: ❌ Webhook error: value too long for type character varying(20)
[2026-01-26 18:38:40] [ERROR]: ❌ Webhook error: value too long for type character varying(20)
[2026-01-26 18:38:40] [ERROR]: ❌ Webhook error: value too long for type character varying(20)
[2026-01-26 18:38:41] [ERROR]: ❌ Webhook error: value too long for type character varying(20)
[2026-01-26 18:38:42] [ERROR]: ❌ Webhook error: value too long for type character varying(20)
[2026-01-26 18:38:43] [ERROR]: ❌ Webhook error: value too long for type character varying(20)
[2026-01-26 18:38:44] [ERROR]: ❌ Webhook error: value too long for type character varying(20)
[2026-01-26 18:38:44] [ERROR]: ❌ Webhook error: value too long for type character varying(20)
[2026-01-26 18:38:45] [ERROR]: ❌ Webhook error: value too long for type character varying(20)
[2026-01-26 18:38:46] [ERROR]: ❌ Webhook error: value too long for type character varying(20)
[2026-01-26 18:38:47] [ERROR]: ❌ Webhook error: value too long for type character varying(20)
[2026-01-26 18:38:59] [ERROR]: ❌ Webhook error: value too long for type character varying(20)
[2026-01-26 18:39:00] [ERROR]: ❌ Webhook error: value too long for type character varying(20)
[2026-01-26 18:39:00] [ERROR]: ❌ Webhook error: value too long for type character varying(20)
[2026-01-26 18:39:01] [ERROR]: ❌ Webhook error: value too long for type character varying(20)
[2026-01-26 18:39:02] [ERROR]: ❌ Webhook error: value too long for type character varying(20)
[2026-01-26 18:39:03] [ERROR]: ❌ Webhook error: value too long for type character varying(20)
[2026-01-26 18:39:05] [ERROR]: ❌ Webhook error: value too long for type character varying(20)
[2026-01-26 18:39:17] [ERROR]: ❌ Webhook error: value too long for type character varying(20)
[2026-01-26 18:39:18] [ERROR]: ❌ Webhook error: value too long for type character varying(20)
[2026-01-26 18:39:19] [ERROR]: ❌ Webhook error: value too long for type character varying(20)
[2026-01-26 18:39:20] [ERROR]: ❌ Webhook error: value too long for type character varying(20)
[2026-01-26 18:39:22] [ERROR]: ❌ Webhook error: value too long for type character varying(20)
[2026-01-26 18:39:22] [ERROR]: ❌ Webhook error: value too long for type character varying(20)
[2026-01-26 18:39:23] [ERROR]: ❌ Webhook error: value too long for type character varying(20)
[2026-01-26 18:39:24] [ERROR]: ❌ Webhook error: value too long for type character varying(20)
[2026-01-26 18:39:25] [ERROR]: ❌ Webhook error: value too long for type character varying(20)
[2026-01-26 18:39:26] [ERROR]: ❌ Webhook error: value too long for type character varying(20)
[2026-01-26 18:39:26] [ERROR]: ❌ Webhook error: value too long for type character varying(20)
[2026-01-26 18:39:27] [ERROR]: ❌ Webhook error: value too long for type character varying(20)
[2026-01-26 18:39:28] [ERROR]: ❌ Webhook error: value too long for type character varying(20)
[2026-01-26 18:39:29] [ERROR]: ❌ Webhook error: value too long for type character varying(20)
[2026-01-26 18:39:30] [ERROR]: ❌ Webhook error: value too long for type character varying(20)
[2026-01-26 18:39:44] [ERROR]: ❌ Webhook error: value too long for type character varying(20)
[2026-01-26 18:39:44] [ERROR]: ❌ Webhook error: value too long for type character varying(20)
[2026-01-26 18:39:45] [ERROR]: ❌ Webhook error: value too long for type character varying(20)
[2026-01-26 18:39:46] [ERROR]: ❌ Webhook error: value too long for type character varying(20)
[2026-01-26 18:39:48] [ERROR]: ❌ Webhook error: value too long for type character varying(20)
[2026-01-26 18:39:49] [ERROR]: ❌ Webhook error: value too long for type character varying(20)
[2026-01-26 18:39:49] [ERROR]: ❌ Webhook error: value too long for type character varying(20)
[2026-01-26 18:39:50] [ERROR]: ❌ Webhook error: value too long for type character varying(20)
[2026-01-26 18:39:51] [ERROR]: ❌ Webhook error: value too long for type character varying(20)
[2026-01-26 18:39:51] [ERROR]: ❌ Webhook error: value too long for type character varying(20)
[2026-01-26 18:39:52] [ERROR]: ❌ Webhook error: value too long for type character varying(20)
[2026-01-26 18:39:52] [ERROR]: ❌ Webhook error: value too long for type character varying(20)
[2026-01-26 18:39:53] [ERROR]: ❌ Webhook error: value too long for type character varying(20)
[2026-01-26 18:39:54] [ERROR]: ❌ Webhook error: value too long for type character varying(20)
[2026-01-26 18:40:06] [ERROR]: ❌ Webhook error: value too long for type character varying(20)
[2026-01-26 18:40:07] [ERROR]: ❌ Webhook error: value too long for type character varying(20)
[2026-01-26 18:40:07] [ERROR]: ❌ Webhook error: value too long for type character varying(20)
[2026-01-26 18:40:08] [ERROR]: ❌ Webhook error: value too long for type character varying(20)
[2026-01-26 18:40:08] [ERROR]: ❌ Webhook error: value too long for type character varying(20)
[2026-01-26 18:40:09] [ERROR]: ❌ Webhook error: value too long for type character varying(20)
[2026-01-26 18:40:09] [ERROR]: ❌ Webhook error: value too long for type character varying(20)
[2026-01-26 18:40:10] [ERROR]: ❌ Webhook error: value too long for type character varying(20)
[2026-01-26 18:40:11] [ERROR]: ❌ Webhook error: value too long for type character varying(20)
[2026-01-26 18:40:11] [ERROR]: ❌ Webhook error: value too long for type character varying(20)
[2026-01-26 18:40:12] [ERROR]: ❌ Webhook error: value too long for type character varying(20)
[2026-01-26 18:40:12] [ERROR]: ❌ Webhook error: value too long for type character varying(20)
[2026-01-26 18:40:13] [ERROR]: ❌ Webhook error: value too long for type character varying(20)
[2026-01-26 18:40:14] [ERROR]: ❌ Webhook error: value too long for type character varying(20)
[2026-01-26 18:40:14] [ERROR]: ❌ Webhook error: value too long for type character varying(20)
[2026-01-26 18:40:15] [ERROR]: ❌ Webhook error: value too long for type character varying(20)
[2026-01-26 18:40:16] [ERROR]: ❌ Webhook error: value too long for type character varying(20)
[2026-01-26 18:40:16] [ERROR]: ❌ Webhook error: value too long for type character varying(20)
[2026-01-26 18:40:17] [ERROR]: ❌ Webhook error: value too long for type character varying(20)
[2026-01-26 18:40:17] [ERROR]: ❌ Webhook error: value too long for type character varying(20)
[2026-01-26 18:40:18] [ERROR]: ❌ Webhook error: value too long for type character varying(20)
[2026-01-26 18:40:19] [ERROR]: ❌ Webhook error: value too long for type character varying(20)
[2026-01-26 18:40:20] [ERROR]: ❌ Webhook error: value too long for type character varying(20)
[2026-01-26 18:40:20] [ERROR]: ❌ Webhook error: value too long for type character varying(20)
[2026-01-26 18:40:21] [ERROR]: ❌ Webhook error: value too long for type character varying(20)
[2026-01-26 18:40:21] [ERROR]: ❌ Webhook error: value too long for type character varying(20)
[2026-01-26 18:40:29] [ERROR]: ❌ Webhook error: value too long for type character varying(20)
[2026-01-26 18:40:30] [ERROR]: ❌ Webhook error: value too long for type character varying(20)
[2026-01-26 18:40:31] [ERROR]: ❌ Webhook error: value too long for type character varying(20)
[2026-01-26 18:40:31] [ERROR]: ❌ Webhook error: value too long for type character varying(20)
[2026-01-26 18:40:32] [ERROR]: ❌ Webhook error: value too long for type character varying(20)
[2026-01-26 18:40:32] [ERROR]: ❌ Webhook error: value too long for type character varying(20)
[2026-01-26 18:40:33] [ERROR]: ❌ Webhook error: value too long for type character varying(20)
[2026-01-26 18:40:34] [ERROR]: ❌ Webhook error: value too long for type character varying(20)
[2026-01-26 18:40:34] [ERROR]: ❌ Webhook error: value too long for type character varying(20)
[2026-01-26 18:40:46] [ERROR]: ❌ Webhook error: value too long for type character varying(20)
[2026-01-26 18:40:47] [ERROR]: ❌ Webhook error: value too long for type character varying(20)
[2026-01-26 18:40:48] [ERROR]: ❌ Webhook error: value too long for type character varying(20)
[2026-01-26 18:40:48] [ERROR]: ❌ Webhook error: value too long for type character varying(20)
[2026-01-26 18:41:15] [ERROR]: ❌ Webhook error: value too long for type character varying(20)
[2026-01-26 18:41:16] [ERROR]: ❌ Webhook error: value too long for type character varying(20)
[2026-01-26 18:41:17] [ERROR]: ❌ Webhook error: value too long for type character varying(20)
[2026-01-26 18:41:17] [ERROR]: ❌ Webhook error: value too long for type character varying(20)
[2026-01-26 18:41:18] [ERROR]: ❌ Webhook error: value too long for type character varying(20)
[2026-01-26 18:41:19] [ERROR]: ❌ Webhook error: value too long for type character varying(20)
[2026-01-26 18:41:19] [ERROR]: ❌ Webhook error: value too long for type character varying(20)
[2026-01-26 18:41:20] [ERROR]: ❌ Webhook error: value too long for type character varying(20)
[2026-01-26 18:41:21] [ERROR]: ❌ Webhook error: value too long for type character varying(20)
[2026-01-26 18:41:21] [ERROR]: ❌ Webhook error: value too long for type character varying(20)
[2026-01-26 18:41:22] [ERROR]: ❌ Webhook error: value too long for type character varying(20)
[2026-01-26 18:41:23] [ERROR]: ❌ Webhook error: value too long for type character varying(20)
[2026-01-26 18:41:23] [ERROR]: ❌ Webhook error: value too long for type character varying(20)
[2026-01-26 18:41:24] [ERROR]: ❌ Webhook error: value too long for type character varying(20)
[2026-01-26 18:41:25] [ERROR]: ❌ Webhook error: value too long for type character varying(20)
[2026-01-26 18:41:25] [ERROR]: ❌ Webhook error: value too long for type character varying(20)
[2026-01-26 18:41:26] [ERROR]: ❌ Webhook error: value too long for type character varying(20)
[2026-01-26 18:42:06] [ERROR]: ❌ Webhook error: value too long for type character varying(20)
[2026-01-26 18:42:07] [ERROR]: ❌ Webhook error: value too long for type character varying(20)
[2026-01-26 18:42:08] [ERROR]: ❌ Webhook error: value too long for type character varying(20)
[2026-01-26 18:42:10] [ERROR]: ❌ Webhook error: value too long for type character varying(20)
[2026-01-26 18:42:12] [ERROR]: ❌ Webhook error: value too long for type character varying(20)
[2026-01-26 18:42:12] [ERROR]: ❌ Webhook error: value too long for type character varying(20)
[2026-01-26 18:42:13] [ERROR]: ❌ Webhook error: value too long for type character varying(20)
[2026-01-26 18:42:14] [ERROR]: ❌ Webhook error: value too long for type character varying(20)
[2026-01-26 18:42:15] [ERROR]: ❌ Webhook error: value too long for type character varying(20)
[2026-01-26 18:42:16] [ERROR]: ❌ Webhook error: value too long for type character varying(20)
[2026-01-26 18:42:17] [ERROR]: ❌ Webhook error: value too long for type character varying(20)
[2026-01-26 18:42:18] [ERROR]: ❌ Webhook error: value too long for type character varying(20)
[2026-01-26 18:42:18] [ERROR]: ❌ Webhook error: value too long for type character varying(20)
[2026-01-26 18:42:19] [ERROR]: ❌ Webhook error: value too long for type character varying(20)
[2026-01-26 18:42:20] [ERROR]: ❌ Webhook error: value too long for type character varying(20)
[2026-01-26 18:42:21] [ERROR]: ❌ Webhook error: value too long for type character varying(20)
[2026-01-26 18:42:22] [ERROR]: ❌ Webhook error: value too long for type character varying(20)
[2026-01-26 18:42:22] [ERROR]: ❌ Webhook error: value too long for type character varying(20)
[2026-01-26 18:42:23] [ERROR]: ❌ Webhook error: value too long for type character varying(20)
[2026-01-26 18:42:24] [ERROR]: ❌ Webhook error: value too long for type character varying(20)
[2026-01-26 18:42:25] [ERROR]: ❌ Webhook error: value too long for type character varying(20)
[2026-01-26 18:42:26] [ERROR]: ❌ Webhook error: value too long for type character varying(20)
[2026-01-26 18:42:27] [ERROR]: ❌ Webhook error: value too long for type character varying(20)
[2026-01-26 18:42:27] [ERROR]: ❌ Webhook error: value too long for type character varying(20)
[2026-01-26 18:42:28] [ERROR]: ❌ Webhook error: value too long for type character varying(20)
[2026-01-26 18:42:29] [ERROR]: ❌ Webhook error: value too long for type character varying(20)
[2026-01-26 18:42:30] [ERROR]: ❌ Webhook error: value too long for type character varying(20)
[2026-01-26 18:42:31] [ERROR]: ❌ Webhook error: value too long for type character varying(20)
[2026-01-26 18:42:31] [ERROR]: ❌ Webhook error: value too long for type character varying(20)
[2026-01-26 18:42:32] [ERROR]: ❌ Webhook error: value too long for type character varying(20)
[2026-01-26 18:42:33] [ERROR]: ❌ Webhook error: value too long for type character varying(20)
[2026-01-26 18:42:35] [ERROR]: ❌ Webhook error: value too long for type character varying(20)
[2026-01-26 18:42:36] [ERROR]: ❌ Webhook error: value too long for type character varying(20)
[2026-01-26 18:42:37] [ERROR]: ❌ Webhook error: value too long for type character varying(20)
[2026-01-26 18:42:37] [ERROR]: ❌ Webhook error: value too long for type character varying(20)
[2026-01-26 18:42:47] [ERROR]: ❌ Webhook error: value too long for type character varying(20)
[2026-01-26 18:42:47] [ERROR]: ❌ Webhook error: value too long for type character varying(20)
[2026-01-26 18:42:48] [ERROR]: ❌ Webhook error: value too long for type character varying(20)
[2026-01-26 18:42:49] [ERROR]: ❌ Webhook error: value too long for type character varying(20)
[2026-01-26 18:42:49] [ERROR]: ❌ Webhook error: value too long for type character varying(20)
[2026-01-26 18:42:50] [ERROR]: ❌ Webhook error: value too long for type character varying(20)
[2026-01-26 18:42:52] [ERROR]: ❌ Webhook error: value too long for type character varying(20)
[2026-01-26 18:42:53] [ERROR]: ❌ Webhook error: value too long for type character varying(20)
[2026-01-26 18:42:53] [ERROR]: ❌ Webhook error: value too long for type character varying(20)
[2026-01-26 18:42:53] [ERROR]: ❌ Webhook error: value too long for type character varying(20)
[2026-01-26 18:42:54] [ERROR]: ❌ Webhook error: value too long for type character varying(20)
[2026-01-26 18:42:55] [ERROR]: ❌ Webhook error: value too long for type character varying(20)
[2026-01-26 18:42:56] [ERROR]: ❌ Webhook error: value too long for type character varying(20)
[2026-01-26 18:42:56] [ERROR]: ❌ Webhook error: value too long for type character varying(20)
[2026-01-26 18:42:57] [ERROR]: ❌ Webhook error: value too long for type character varying(20)
[2026-01-26 18:42:57] [ERROR]: ❌ Webhook error: value too long for type character varying(20)
[2026-01-26 18:42:58] [ERROR]: ❌ Webhook error: value too long for type character varying(20)
[2026-01-26 18:42:59] [ERROR]: ❌ Webhook error: value too long for type character varying(20)
[2026-01-26 18:43:25] [ERROR]: ❌ Webhook error: value too long for type character varying(20)
[2026-01-26 18:43:25] [ERROR]: ❌ Webhook error: value too long for type character varying(20)
[2026-01-26 18:43:26] [ERROR]: ❌ Webhook error: value too long for type character varying(20)
[2026-01-26 18:43:26] [ERROR]: ❌ Webhook error: value too long for type character varying(20)
[2026-01-26 18:43:26] [ERROR]: ❌ Webhook error: value too long for type character varying(20)
[2026-01-26 18:43:27] [ERROR]: ❌ Webhook error: value too long for type character varying(20)
[2026-01-26 18:43:27] [ERROR]: ❌ Webhook error: value too long for type character varying(20)
[2026-01-26 18:43:28] [ERROR]: ❌ Webhook error: value too long for type character varying(20)
[2026-01-26 18:43:29] [ERROR]: ❌ Webhook error: value too long for type character varying(20)
[2026-01-26 18:43:29] [ERROR]: ❌ Webhook error: value too long for type character varying(20)
[2026-01-26 18:43:30] [ERROR]: ❌ Webhook error: value too long for type character varying(20)
[2026-01-26 18:43:31] [ERROR]: ❌ Webhook error: value too long for type character varying(20)
[2026-01-26 18:43:32] [ERROR]: ❌ Webhook error: value too long for type character varying(20)
[2026-01-26 18:43:33] [ERROR]: ❌ Webhook error: value too long for type character varying(20)
[2026-01-26 18:43:33] [ERROR]: ❌ Webhook error: value too long for type character varying(20)
[2026-01-26 18:43:37] [ERROR]: ❌ Webhook error: value too long for type character varying(20)
[2026-01-26 18:43:38] [ERROR]: ❌ Webhook error: value too long for type character varying(20)
[2026-01-26 18:43:39] [ERROR]: ❌ Webhook error: value too long for type character varying(20)
[2026-01-26 18:43:40] [ERROR]: ❌ Webhook error: value too long for type character varying(20)
[2026-01-26 18:43:57] [ERROR]: ❌ Webhook error: value too long for type character varying(20)
[2026-01-26 18:43:58] [ERROR]: ❌ Webhook error: value too long for type character varying(20)
[2026-01-26 18:43:58] [ERROR]: ❌ Webhook error: value too long for type character varying(20)
[2026-01-26 18:43:59] [ERROR]: ❌ Webhook error: value too long for type character varying(20)
[2026-01-26 18:43:59] [ERROR]: ❌ Webhook error: value too long for type character varying(20)
[2026-01-26 18:44:00] [ERROR]: ❌ Webhook error: value too long for type character varying(20)
[2026-01-26 18:44:00] [ERROR]: ❌ Webhook error: value too long for type character varying(20)
[2026-01-26 18:44:01] [ERROR]: ❌ Webhook error: value too long for type character varying(20)
[2026-01-26 18:44:01] [ERROR]: ❌ Webhook error: value too long for type character varying(20)
[2026-01-26 18:44:02] [ERROR]: ❌ Webhook error: value too long for type character varying(20)
[2026-01-26 18:44:03] [ERROR]: ❌ Webhook error: value too long for type character varying(20)
[2026-01-26 18:44:04] [ERROR]: ❌ Webhook error: value too long for type character varying(20)
[2026-01-26 18:44:04] [ERROR]: ❌ Webhook error: value too long for type character varying(20)
[2026-01-26 18:44:05] [ERROR]: ❌ Webhook error: value too long for type character varying(20)
[2026-01-26 18:44:52] [ERROR]: ❌ Webhook error: value too long for type character varying(20)
[2026-01-26 18:44:53] [ERROR]: ❌ Webhook error: value too long for type character varying(20)
[2026-01-26 18:44:54] [ERROR]: ❌ Webhook error: value too long for type character varying(20)
[2026-01-26 18:44:55] [ERROR]: ❌ Webhook error: value too long for type character varying(20)
[2026-01-26 18:44:56] [ERROR]: ❌ Webhook error: value too long for type character varying(20)
[2026-01-26 18:44:56] [ERROR]: ❌ Webhook error: value too long for type character varying(20)
[2026-01-26 18:44:57] [ERROR]: ❌ Webhook error: value too long for type character varying(20)
[2026-01-26 18:44:58] [ERROR]: ❌ Webhook error: value too long for type character varying(20)
[2026-01-26 18:44:58] [ERROR]: ❌ Webhook error: value too long for type character varying(20)
[2026-01-26 18:44:59] [ERROR]: ❌ Webhook error: value too long for type character varying(20)
[2026-01-26 18:44:59] [ERROR]: ❌ Webhook error: value too long for type character varying(20)
[2026-01-26 18:45:01] [ERROR]: ❌ Webhook error: value too long for type character varying(20)
[2026-01-26 18:45:34] [ERROR]: ❌ Webhook error: value too long for type character varying(20)
[2026-01-26 18:45:35] [ERROR]: ❌ Webhook error: value too long for type character varying(20)
[2026-01-26 18:45:36] [ERROR]: ❌ Webhook error: value too long for type character varying(20)
[2026-01-26 18:46:59] [ERROR]: ❌ Webhook error: value too long for type character varying(20)
[2026-01-26 18:47:00] [ERROR]: ❌ Webhook error: value too long for type character varying(20)
[2026-01-26 18:47:09] [ERROR]: ❌ Webhook error: value too long for type character varying(20)
[2026-01-26 18:47:10] [ERROR]: ❌ Webhook error: value too long for type character varying(20)
[2026-01-26 18:47:10] [ERROR]: ❌ Webhook error: value too long for type character varying(20)
[2026-01-26 18:47:11] [ERROR]: ❌ Webhook error: value too long for type character varying(20)
[2026-01-26 18:47:12] [ERROR]: ❌ Webhook error: value too long for type character varying(20)
[2026-01-26 18:47:13] [ERROR]: ❌ Webhook error: value too long for type character varying(20)
[2026-01-26 18:47:14] [ERROR]: ❌ Webhook error: value too long for type character varying(20)
[2026-01-26 18:47:15] [ERROR]: ❌ Webhook error: value too long for type character varying(20)
[2026-01-26 18:47:16] [ERROR]: ❌ Webhook error: value too long for type character varying(20)
[2026-01-26 18:47:17] [ERROR]: ❌ Webhook error: value too long for type character varying(20)
[2026-01-26 18:47:18] [ERROR]: ❌ Webhook error: value too long for type character varying(20)
[2026-01-26 18:47:19] [ERROR]: ❌ Webhook error: value too long for type character varying(20)
[2026-01-26 18:47:19] [ERROR]: ❌ Webhook error: value too long for type character varying(20)
[2026-01-26 18:47:20] [ERROR]: ❌ Webhook error: value too long for type character varying(20)
[2026-01-26 18:47:21] [ERROR]: ❌ Webhook error: value too long for type character varying(20)
[2026-01-26 18:47:22] [ERROR]: ❌ Webhook error: value too long for type character varying(20)
[2026-01-26 18:47:23] [ERROR]: ❌ Webhook error: value too long for type character varying(20)
[2026-01-26 18:47:24] [ERROR]: ❌ Webhook error: value too long for type character varying(20)
[2026-01-26 18:47:26] [ERROR]: ❌ Webhook error: value too long for type character varying(20)
[2026-01-26 18:47:27] [ERROR]: ❌ Webhook error: value too long for type character varying(20)
[2026-01-26 18:47:39] [ERROR]: ❌ Webhook error: value too long for type character varying(20)
[2026-01-26 18:47:40] [ERROR]: ❌ Webhook error: value too long for type character varying(20)
[2026-01-26 18:47:41] [ERROR]: ❌ Webhook error: value too long for type character varying(20)
[2026-01-26 18:47:42] [ERROR]: ❌ Webhook error: value too long for type character varying(20)
[2026-01-26 18:47:43] [ERROR]: ❌ Webhook error: value too long for type character varying(20)
[2026-01-26 18:47:45] [ERROR]: ❌ Webhook error: value too long for type character varying(20)
[2026-01-26 18:48:25] [ERROR]: ❌ Webhook error: Request failed with status code 400
[2026-01-26 18:59:12] [ERROR]: ❌ Webhook error: value too long for type character varying(20)
[2026-01-26 18:59:12] [ERROR]: ❌ Webhook error: value too long for type character varying(20)
[2026-01-26 18:59:16] [ERROR]: ❌ Webhook error: value too long for type character varying(20)
[2026-01-26 18:59:17] [ERROR]: ❌ Webhook error: value too long for type character varying(20)
[2026-01-26 18:59:17] [ERROR]: ❌ Webhook error: value too long for type character varying(20)
[2026-01-26 18:59:18] [ERROR]: ❌ Webhook error: value too long for type character varying(20)
[2026-01-26 18:59:19] [ERROR]: ❌ Webhook error: value too long for type character varying(20)
[2026-01-26 18:59:20] [ERROR]: ❌ Webhook error: value too long for type character varying(20)
[2026-01-26 18:59:20] [ERROR]: ❌ Webhook error: value too long for type character varying(20)
[2026-01-26 18:59:21] [ERROR]: ❌ Webhook error: value too long for type character varying(20)
[2026-01-26 18:59:22] [ERROR]: ❌ Webhook error: value too long for type character varying(20)
[2026-01-26 18:59:23] [ERROR]: ❌ Webhook error: value too long for type character varying(20)
[2026-01-26 18:59:23] [ERROR]: ❌ Webhook error: value too long for type character varying(20)
[2026-01-26 18:59:24] [ERROR]: ❌ Webhook error: value too long for type character varying(20)
[2026-01-26 18:59:25] [ERROR]: ❌ Webhook error: value too long for type character varying(20)
[2026-01-26 18:59:25] [ERROR]: ❌ Webhook error: value too long for type character varying(20)
[2026-01-26 18:59:26] [ERROR]: ❌ Webhook error: value too long for type character varying(20)
[2026-01-26 18:59:27] [ERROR]: ❌ Webhook error: value too long for type character varying(20)
[2026-01-26 18:59:28] [ERROR]: ❌ Webhook error: value too long for type character varying(20)
[2026-01-26 18:59:29] [ERROR]: ❌ Webhook error: value too long for type character varying(20)
[2026-01-26 18:59:29] [ERROR]: ❌ Webhook error: value too long for type character varying(20)
[2026-01-26 18:59:30] [ERROR]: ❌ Webhook error: value too long for type character varying(20)
[2026-01-26 18:59:30] [ERROR]: ❌ Webhook error: value too long for type character varying(20)
[2026-01-26 18:59:31] [ERROR]: ❌ Webhook error: value too long for type character varying(20)
[2026-01-26 18:59:32] [ERROR]: ❌ Webhook error: value too long for type character varying(20)
[2026-01-26 18:59:32] [ERROR]: ❌ Webhook error: value too long for type character varying(20)
[2026-01-26 18:59:33] [ERROR]: ❌ Webhook error: value too long for type character varying(20)
[2026-01-26 18:59:34] [ERROR]: ❌ Webhook error: value too long for type character varying(20)
[2026-01-26 18:59:34] [ERROR]: ❌ Webhook error: value too long for type character varying(20)
[2026-01-26 18:59:35] [ERROR]: ❌ Webhook error: value too long for type character varying(20)
[2026-01-26 18:59:36] [ERROR]: ❌ Webhook error: value too long for type character varying(20)
[2026-01-26 18:59:36] [ERROR]: ❌ Webhook error: value too long for type character varying(20)
[2026-01-26 18:59:37] [ERROR]: ❌ Webhook error: value too long for type character varying(20)
[2026-01-26 18:59:38] [ERROR]: ❌ Webhook error: value too long for type character varying(20)
[2026-01-26 18:59:39] [ERROR]: ❌ Webhook error: value too long for type character varying(20)
[2026-01-26 18:59:39] [ERROR]: ❌ Webhook error: value too long for type character varying(20)
[2026-01-26 18:59:40] [ERROR]: ❌ Webhook error: value too long for type character varying(20)
[2026-01-26 18:59:41] [ERROR]: ❌ Webhook error: value too long for type character varying(20)
[2026-01-26 18:59:42] [ERROR]: ❌ Webhook error: value too long for type character varying(20)
[2026-01-26 19:10:45] [ERROR]: ❌ Erro ao buscar id_funil: the database system is starting up
[2026-01-26 19:10:45] [ERROR]: ❌ Erro de conexão com PostgreSQL: the database system is starting up
[2026-01-26 20:00:49] [ERROR]: ❌ Webhook error: value too long for type character varying(20)
[2026-01-26 20:00:49] [ERROR]: ❌ Webhook error: value too long for type character varying(20)
[2026-01-26 20:00:50] [ERROR]: ❌ Webhook error: value too long for type character varying(20)
[2026-01-26 20:00:50] [ERROR]: ❌ Webhook error: value too long for type character varying(20)
[2026-01-26 20:00:51] [ERROR]: ❌ Webhook error: value too long for type character varying(20)
[2026-01-26 20:00:51] [ERROR]: ❌ Webhook error: value too long for type character varying(20)
[2026-01-26 20:00:52] [ERROR]: ❌ Webhook error: value too long for type character varying(20)
[2026-01-26 20:00:52] [ERROR]: ❌ Webhook error: value too long for type character varying(20)
[2026-01-26 20:29:23] [ERROR]: ❌ Webhook error: value too long for type character varying(20)
[2026-01-26 20:29:27] [ERROR]: ❌ Webhook error: value too long for type character varying(20)
[2026-01-26 20:30:31] [ERROR]: ❌ Webhook error: value too long for type character varying(20)
[2026-01-26 20:30:38] [ERROR]: ❌ Webhook error: value too long for type character varying(20)
[2026-01-26 20:31:02] [ERROR]: ❌ Webhook error: value too long for type character varying(20)
[2026-01-26 20:32:37] [ERROR]: ❌ Webhook error: value too long for type character varying(20)
[2026-01-26 20:33:04] [ERROR]: ❌ Webhook error: value too long for type character varying(20)
[2026-01-26 20:33:06] [ERROR]: ❌ Webhook error: value too long for type character varying(20)
[2026-01-26 20:34:12] [ERROR]: ❌ Webhook error: value too long for type character varying(20)
[2026-01-26 20:34:16] [ERROR]: ❌ Webhook error: value too long for type character varying(20)
[2026-01-26 20:34:23] [ERROR]: ❌ Webhook error: value too long for type character varying(20)
[2026-01-26 20:34:46] [ERROR]: ❌ Webhook error: value too long for type character varying(20)
[2026-01-26 20:35:44] [ERROR]: ❌ Webhook error: value too long for type character varying(20)
[2026-01-26 20:39:33] [ERROR]: ❌ Webhook error: value too long for type character varying(20)
[2026-01-26 20:39:59] [ERROR]: ❌ Webhook error: value too long for type character varying(20)
[2026-01-26 20:41:20] [ERROR]: ❌ Webhook error: value too long for type character varying(20)
[2026-01-26 20:41:43] [ERROR]: ❌ Webhook error: value too long for type character varying(20)
[2026-01-26 20:41:55] [ERROR]: ❌ Webhook error: value too long for type character varying(20)
[2026-01-26 20:41:56] [ERROR]: ❌ Webhook error: value too long for type character varying(20)
[2026-01-26 20:42:05] [ERROR]: ❌ Webhook error: value too long for type character varying(20)
[2026-01-26 20:42:38] [ERROR]: ❌ Webhook error: value too long for type character varying(20)
[2026-01-26 20:43:08] [ERROR]: ❌ Webhook error: value too long for type character varying(20)
[2026-01-26 20:43:18] [ERROR]: ❌ Webhook error: value too long for type character varying(20)
[2026-01-26 20:43:23] [ERROR]: ❌ Webhook error: value too long for type character varying(20)
[2026-01-26 20:43:35] [ERROR]: ❌ Webhook error: value too long for type character varying(20)
[2026-01-26 20:43:45] [ERROR]: ❌ Webhook error: value too long for type character varying(20)
[2026-01-26 20:43:50] [ERROR]: ❌ Webhook error: value too long for type character varying(20)
[2026-01-26 20:44:04] [ERROR]: ❌ Webhook error: value too long for type character varying(20)
[2026-01-26 20:44:07] [ERROR]: ❌ Webhook error: value too long for type character varying(20)
[2026-01-26 20:44:30] [ERROR]: ❌ Webhook error: value too long for type character varying(20)
[2026-01-26 20:44:36] [ERROR]: ❌ Webhook error: value too long for type character varying(20)
[2026-01-26 20:44:46] [ERROR]: ❌ Webhook error: value too long for type character varying(20)
[2026-01-26 20:45:23] [ERROR]: ❌ Webhook error: value too long for type character varying(20)
[2026-01-26 20:47:03] [ERROR]: ❌ Webhook error: value too long for type character varying(20)
[2026-01-26 20:51:16] [ERROR]: ❌ Webhook error: value too long for type character varying(20)
[2026-01-26 20:51:41] [ERROR]: ❌ Webhook error: value too long for type character varying(20)
[2026-01-26 20:52:05] [ERROR]: ❌ Webhook error: value too long for type character varying(20)
[2026-01-26 20:53:49] [ERROR]: ❌ Webhook error: value too long for type character varying(20)
[2026-01-26 23:10:21] [ERROR]: ❌ Webhook error: value too long for type character varying(20)
[2026-01-26 23:10:35] [ERROR]: ❌ Webhook error: value too long for type character varying(20)
[2026-01-26 23:10:39] [ERROR]: ❌ Webhook error: value too long for type character varying(20)
[2026-01-26 23:10:43] [ERROR]: ❌ Webhook error: value too long for type character varying(20)
[2026-01-26 23:11:57] [ERROR]: ❌ Webhook error: value too long for type character varying(20)
[2026-01-26 23:21:35] [ERROR]: ❌ Webhook error: value too long for type character varying(20)
[2026-01-27 00:48:02] [ERROR]: ❌ Webhook error: value too long for type character varying(20)
[2026-01-27 00:48:21] [ERROR]: ❌ Webhook error: value too long for type character varying(20)
[2026-01-27 00:48:28] [ERROR]: ❌ Webhook error: value too long for type character varying(20)
[2026-01-27 01:17:39] [ERROR]: ❌ Webhook error: value too long for type character varying(20)
[2026-01-27 01:40:56] [ERROR]: ❌ Webhook error: value too long for type character varying(20)
[2026-01-27 02:15:28] [ERROR]: ❌ Webhook error: value too long for type character varying(20)
[2026-01-27 02:15:33] [ERROR]: ❌ Webhook error: value too long for type character varying(20)
[2026-01-27 02:23:37] [ERROR]: ❌ Webhook error: value too long for type character varying(20)
[2026-01-27 02:25:20] [ERROR]: ❌ Webhook error: value too long for type character varying(20)
[2026-01-27 02:25:29] [ERROR]: ❌ Webhook error: value too long for type character varying(20)
[2026-01-27 02:25:35] [ERROR]: ❌ Webhook error: value too long for type character varying(20)
[2026-01-27 02:25:39] [ERROR]: ❌ Webhook error: value too long for type character varying(20)
[2026-01-27 02:25:44] [ERROR]: ❌ Webhook error: value too long for type character varying(20)
[2026-01-27 02:25:57] [ERROR]: ❌ Webhook error: value too long for type character varying(20)
[2026-01-27 02:26:01] [ERROR]: ❌ Webhook error: value too long for type character varying(20)
[2026-01-27 02:26:10] [ERROR]: ❌ Webhook error: value too long for type character varying(20)
[2026-01-27 02:26:23] [ERROR]: ❌ Webhook error: value too long for type character varying(20)
[2026-01-27 02:36:09] [ERROR]: ❌ Webhook error: value too long for type character varying(20)
[2026-01-27 02:36:09] [ERROR]: ❌ Webhook error: value too long for type character varying(20)
[2026-01-27 02:36:11] [ERROR]: ❌ Webhook error: value too long for type character varying(20)
[2026-01-27 02:36:16] [ERROR]: ❌ Webhook error: value too long for type character varying(20)
[2026-01-27 02:36:25] [ERROR]: ❌ Webhook error: value too long for type character varying(20)
[2026-01-27 02:36:45] [ERROR]: ❌ Webhook error: value too long for type character varying(20)
[2026-01-27 02:36:49] [ERROR]: ❌ Webhook error: value too long for type character varying(20)
[2026-01-27 02:37:01] [ERROR]: ❌ Webhook error: value too long for type character varying(20)
[2026-01-27 02:37:11] [ERROR]: ❌ Webhook error: value too long for type character varying(20)
[2026-01-27 02:37:12] [ERROR]: ❌ Webhook error: value too long for type character varying(20)
[2026-01-27 02:38:00] [ERROR]: ❌ Webhook error: value too long for type character varying(20)
[2026-01-27 02:38:05] [ERROR]: ❌ Webhook error: value too long for type character varying(20)
[2026-01-27 02:41:38] [ERROR]: ❌ Webhook error: value too long for type character varying(20)
[2026-01-27 02:42:04] [ERROR]: ❌ Webhook error: value too long for type character varying(20)
[2026-01-27 02:42:04] [ERROR]: ❌ Webhook error: value too long for type character varying(20)
[2026-01-27 02:42:05] [ERROR]: ❌ Webhook error: value too long for type character varying(20)
[2026-01-27 02:42:11] [ERROR]: ❌ Webhook error: value too long for type character varying(20)
[2026-01-27 02:43:09] [ERROR]: ❌ Webhook error: value too long for type character varying(20)
[2026-01-27 02:44:18] [ERROR]: ❌ Webhook error: value too long for type character varying(20)
[2026-01-27 02:44:19] [ERROR]: ❌ Webhook error: value too long for type character varying(20)
[2026-01-27 02:44:27] [ERROR]: ❌ Webhook error: value too long for type character varying(20)
[2026-01-27 02:44:29] [ERROR]: ❌ Webhook error: value too long for type character varying(20)
[2026-01-27 02:59:20] [ERROR]: ❌ Webhook error: value too long for type character varying(20)
[2026-01-27 02:59:25] [ERROR]: ❌ Webhook error: value too long for type character varying(20)
[2026-01-27 20:02:18] [ERROR]: ❌ Erro de conexão com PostgreSQL: the database system is starting up
[2026-01-27 20:02:18] [ERROR]: ❌ Erro ao buscar id_funil: the database system is starting up
[2026-01-28 17:16:53] [ERROR]: ❌ Webhook error: value too long for type character varying(20)
[2026-01-28 17:16:57] [ERROR]: ❌ Webhook error: value too long for type character varying(20)
[2026-01-28 17:16:58] [ERROR]: ❌ Webhook error: value too long for type character varying(20)
[2026-01-28 17:17:02] [ERROR]: ❌ Webhook error: value too long for type character varying(20)
[2026-01-28 17:17:05] [ERROR]: ❌ Webhook error: value too long for type character varying(20)
[2026-01-28 17:17:06] [ERROR]: ❌ Webhook error: value too long for type character varying(20)
[2026-01-28 17:17:07] [ERROR]: ❌ Webhook error: value too long for type character varying(20)
[2026-01-28 17:18:11] [ERROR]: ❌ Webhook error: value too long for type character varying(20)
[2026-01-28 17:18:20] [ERROR]: ❌ Webhook error: value too long for type character varying(20)
[2026-01-28 17:18:43] [ERROR]: ❌ Webhook error: value too long for type character varying(20)
[2026-01-28 17:18:44] [ERROR]: ❌ Webhook error: value too long for type character varying(20)
[2026-01-28 17:18:50] [ERROR]: ❌ Webhook error: value too long for type character varying(20)
[2026-01-28 17:18:52] [ERROR]: ❌ Webhook error: value too long for type character varying(20)
[2026-01-28 17:18:57] [ERROR]: ❌ Webhook error: value too long for type character varying(20)
[2026-01-28 17:19:04] [ERROR]: ❌ Webhook error: value too long for type character varying(20)
[2026-01-28 17:19:15] [ERROR]: ❌ Webhook error: value too long for type character varying(20)
[2026-01-28 17:19:19] [ERROR]: ❌ Webhook error: value too long for type character varying(20)
[2026-01-28 17:19:23] [ERROR]: ❌ Webhook error: value too long for type character varying(20)
[2026-01-28 17:19:25] [ERROR]: ❌ Webhook error: value too long for type character varying(20)
[2026-01-28 17:19:29] [ERROR]: ❌ Webhook error: value too long for type character varying(20)
[2026-01-28 17:19:30] [ERROR]: ❌ Webhook error: value too long for type character varying(20)
[2026-01-28 17:19:34] [ERROR]: ❌ Webhook error: value too long for type character varying(20)
[2026-01-28 17:19:41] [ERROR]: ❌ Webhook error: value too long for type character varying(20)
[2026-01-28 17:19:45] [ERROR]: ❌ Webhook error: value too long for type character varying(20)
[2026-01-28 17:19:47] [ERROR]: ❌ Webhook error: value too long for type character varying(20)
[2026-01-28 17:19:50] [ERROR]: ❌ Webhook error: value too long for type character varying(20)
[2026-01-28 17:19:52] [ERROR]: ❌ Webhook error: value too long for type character varying(20)
[2026-01-28 17:19:57] [ERROR]: ❌ Webhook error: value too long for type character varying(20)
[2026-01-28 17:20:02] [ERROR]: ❌ Webhook error: value too long for type character varying(20)
[2026-01-28 17:20:05] [ERROR]: ❌ Webhook error: value too long for type character varying(20)
[2026-01-28 17:20:08] [ERROR]: ❌ Webhook error: value too long for type character varying(20)
[2026-01-28 17:20:11] [ERROR]: ❌ Webhook error: value too long for type character varying(20)
[2026-01-28 17:20:12] [ERROR]: ❌ Webhook error: value too long for type character varying(20)
[2026-01-28 17:20:20] [ERROR]: ❌ Webhook error: value too long for type character varying(20)
[2026-01-28 17:20:24] [ERROR]: ❌ Webhook error: value too long for type character varying(20)
[2026-01-28 17:20:41] [ERROR]: ❌ Webhook error: value too long for type character varying(20)
[2026-01-28 17:20:46] [ERROR]: ❌ Webhook error: value too long for type character varying(20)
[2026-01-28 17:21:17] [ERROR]: ❌ Webhook error: value too long for type character varying(20)
[2026-01-28 17:23:45] [ERROR]: ❌ Webhook error: value too long for type character varying(20)
[2026-01-28 17:23:52] [ERROR]: ❌ Webhook error: value too long for type character varying(20)
[2026-01-28 17:23:56] [ERROR]: ❌ Webhook error: value too long for type character varying(20)
[2026-01-28 17:24:05] [ERROR]: ❌ Webhook error: value too long for type character varying(20)
[2026-01-28 17:24:07] [ERROR]: ❌ Webhook error: value too long for type character varying(20)
[2026-01-28 17:24:09] [ERROR]: ❌ Webhook error: value too long for type character varying(20)
[2026-01-28 17:24:12] [ERROR]: ❌ Webhook error: value too long for type character varying(20)
[2026-01-28 17:44:46] [ERROR]: ❌ Webhook error: value too long for type character varying(20)
[2026-01-28 17:54:26] [ERROR]: ❌ Webhook error: value too long for type character varying(20)
[2026-01-28 17:54:27] [ERROR]: ❌ Webhook error: value too long for type character varying(20)
[2026-01-28 17:54:29] [ERROR]: ❌ Webhook error: value too long for type character varying(20)
[2026-01-28 17:54:32] [ERROR]: ❌ Webhook error: value too long for type character varying(20)
[2026-01-28 17:54:43] [ERROR]: ❌ Webhook error: value too long for type character varying(20)
[2026-01-28 17:54:46] [ERROR]: ❌ Webhook error: value too long for type character varying(20)
[2026-01-28 17:55:12] [ERROR]: ❌ Webhook error: value too long for type character varying(20)
[2026-01-28 17:55:21] [ERROR]: ❌ Webhook error: value too long for type character varying(20)
[2026-01-28 17:55:27] [ERROR]: ❌ Webhook error: value too long for type character varying(20)
[2026-01-28 17:55:29] [ERROR]: ❌ Webhook error: value too long for type character varying(20)
[2026-01-28 17:55:30] [ERROR]: ❌ Webhook error: value too long for type character varying(20)
[2026-01-28 17:55:32] [ERROR]: ❌ Webhook error: value too long for type character varying(20)
[2026-01-28 17:55:34] [ERROR]: ❌ Webhook error: value too long for type character varying(20)
[2026-01-28 17:55:37] [ERROR]: ❌ Webhook error: value too long for type character varying(20)
[2026-01-28 17:55:39] [ERROR]: ❌ Webhook error: value too long for type character varying(20)
[2026-01-28 17:55:43] [ERROR]: ❌ Webhook error: value too long for type character varying(20)
[2026-01-28 17:55:45] [ERROR]: ❌ Webhook error: value too long for type character varying(20)
[2026-01-28 17:56:34] [ERROR]: ❌ Webhook error: value too long for type character varying(20)
[2026-01-28 17:59:27] [ERROR]: ❌ Webhook error: value too long for type character varying(20)
[2026-01-28 17:59:29] [ERROR]: ❌ Webhook error: value too long for type character varying(20)
[2026-01-28 17:59:31] [ERROR]: ❌ Webhook error: value too long for type character varying(20)
[2026-01-28 17:59:33] [ERROR]: ❌ Webhook error: value too long for type character varying(20)
[2026-01-28 17:59:35] [ERROR]: ❌ Webhook error: value too long for type character varying(20)
[2026-01-28 17:59:39] [ERROR]: ❌ Webhook error: value too long for type character varying(20)
[2026-01-28 17:59:44] [ERROR]: ❌ Webhook error: value too long for type character varying(20)
[2026-01-28 17:59:45] [ERROR]: ❌ Webhook error: value too long for type character varying(20)
[2026-01-28 18:02:26] [ERROR]: ❌ Webhook error: value too long for type character varying(20)
[2026-01-28 18:02:52] [ERROR]: ❌ Webhook error: value too long for type character varying(20)
[2026-01-28 18:02:54] [ERROR]: ❌ Webhook error: value too long for type character varying(20)
[2026-01-28 18:03:03] [ERROR]: ❌ Webhook error: value too long for type character varying(20)
[2026-01-28 18:03:06] [ERROR]: ❌ Webhook error: value too long for type character varying(20)
[2026-01-28 18:03:09] [ERROR]: ❌ Webhook error: value too long for type character varying(20)
[2026-01-28 18:03:12] [ERROR]: ❌ Webhook error: value too long for type character varying(20)
[2026-01-28 18:03:13] [ERROR]: ❌ Webhook error: value too long for type character varying(20)
[2026-01-28 18:03:15] [ERROR]: ❌ Webhook error: value too long for type character varying(20)
[2026-01-28 18:04:29] [ERROR]: ❌ Webhook error: value too long for type character varying(20)
[2026-01-28 18:04:46] [ERROR]: ❌ Webhook error: value too long for type character varying(20)
[2026-01-28 18:08:01] [ERROR]: ❌ Webhook error: value too long for type character varying(20)
[2026-01-28 18:08:13] [ERROR]: ❌ Webhook error: value too long for type character varying(20)
[2026-01-28 18:08:24] [ERROR]: ❌ Webhook error: value too long for type character varying(20)
[2026-01-28 18:08:52] [ERROR]: ❌ Webhook error: value too long for type character varying(20)
[2026-01-28 18:08:53] [ERROR]: ❌ Webhook error: value too long for type character varying(20)
[2026-01-28 18:08:58] [ERROR]: ❌ Webhook error: value too long for type character varying(20)
[2026-01-28 18:09:02] [ERROR]: ❌ Webhook error: value too long for type character varying(20)
[2026-01-28 18:09:12] [ERROR]: ❌ Webhook error: value too long for type character varying(20)
[2026-01-28 18:09:23] [ERROR]: ❌ Webhook error: value too long for type character varying(20)
[2026-01-28 18:09:27] [ERROR]: ❌ Webhook error: value too long for type character varying(20)
[2026-01-28 18:09:44] [ERROR]: ❌ Webhook error: value too long for type character varying(20)
[2026-01-28 18:09:50] [ERROR]: ❌ Webhook error: value too long for type character varying(20)
[2026-01-28 18:09:51] [ERROR]: ❌ Webhook error: value too long for type character varying(20)
[2026-01-28 18:09:56] [ERROR]: ❌ Webhook error: value too long for type character varying(20)
[2026-01-28 18:10:06] [ERROR]: ❌ Webhook error: value too long for type character varying(20)
[2026-01-28 18:10:09] [ERROR]: ❌ Webhook error: value too long for type character varying(20)
[2026-01-28 18:10:12] [ERROR]: ❌ Webhook error: value too long for type character varying(20)
[2026-01-28 18:10:15] [ERROR]: ❌ Webhook error: value too long for type character varying(20)
[2026-01-28 18:10:22] [ERROR]: ❌ Webhook error: value too long for type character varying(20)
[2026-01-28 18:10:22] [ERROR]: ❌ Webhook error: value too long for type character varying(20)
[2026-01-28 18:10:23] [ERROR]: ❌ Webhook error: value too long for type character varying(20)
[2026-01-28 18:10:25] [ERROR]: ❌ Webhook error: value too long for type character varying(20)
[2026-01-28 18:10:30] [ERROR]: ❌ Webhook error: value too long for type character varying(20)
[2026-01-28 18:10:32] [ERROR]: ❌ Webhook error: value too long for type character varying(20)
[2026-01-28 18:10:35] [ERROR]: ❌ Webhook error: value too long for type character varying(20)
[2026-01-28 18:10:45] [ERROR]: ❌ Webhook error: value too long for type character varying(20)
[2026-01-28 18:10:46] [ERROR]: ❌ Webhook error: value too long for type character varying(20)
[2026-01-28 18:10:48] [ERROR]: ❌ Webhook error: value too long for type character varying(20)
[2026-01-28 18:10:49] [ERROR]: ❌ Webhook error: value too long for type character varying(20)
[2026-01-28 18:10:52] [ERROR]: ❌ Webhook error: value too long for type character varying(20)
[2026-01-28 18:10:53] [ERROR]: ❌ Webhook error: value too long for type character varying(20)
[2026-01-28 18:10:57] [ERROR]: ❌ Webhook error: value too long for type character varying(20)
[2026-01-28 18:11:05] [ERROR]: ❌ Webhook error: value too long for type character varying(20)
[2026-01-28 18:11:07] [ERROR]: ❌ Webhook error: value too long for type character varying(20)
[2026-01-28 18:11:09] [ERROR]: ❌ Webhook error: value too long for type character varying(20)
[2026-01-28 18:11:11] [ERROR]: ❌ Webhook error: value too long for type character varying(20)
[2026-01-28 18:11:15] [ERROR]: ❌ Webhook error: value too long for type character varying(20)
[2026-01-28 18:11:23] [ERROR]: ❌ Webhook error: value too long for type character varying(20)
[2026-01-28 18:11:28] [ERROR]: ❌ Webhook error: value too long for type character varying(20)
[2026-01-28 18:11:30] [ERROR]: ❌ Webhook error: value too long for type character varying(20)
[2026-01-28 18:11:33] [ERROR]: ❌ Webhook error: value too long for type character varying(20)
[2026-01-28 18:11:35] [ERROR]: ❌ Webhook error: value too long for type character varying(20)
[2026-01-28 18:11:37] [ERROR]: ❌ Webhook error: value too long for type character varying(20)
[2026-01-28 18:11:38] [ERROR]: ❌ Webhook error: value too long for type character varying(20)
[2026-01-28 18:11:38] [ERROR]: ❌ Webhook error: value too long for type character varying(20)
[2026-01-28 18:11:41] [ERROR]: ❌ Webhook error: value too long for type character varying(20)
[2026-01-28 18:11:43] [ERROR]: ❌ Webhook error: value too long for type character varying(20)
[2026-01-28 18:11:51] [ERROR]: ❌ Webhook error: value too long for type character varying(20)
[2026-01-28 18:11:53] [ERROR]: ❌ Webhook error: value too long for type character varying(20)
[2026-01-28 18:11:54] [ERROR]: ❌ Webhook error: value too long for type character varying(20)
[2026-01-28 18:12:35] [ERROR]: ❌ Erro de conexão com PostgreSQL: the database system is starting up
[2026-01-28 18:12:35] [ERROR]: ❌ Erro ao buscar id_funil: the database system is starting up
[2026-01-28 18:15:58] [ERROR]: ❌ Webhook error: value too long for type character varying(20)
[2026-01-28 18:18:00] [ERROR]: ❌ Webhook error: value too long for type character varying(20)
[2026-01-28 18:18:00] [ERROR]: ❌ Webhook error: value too long for type character varying(20)
[2026-01-28 18:19:00] [ERROR]: ❌ Webhook error: Request failed with status code 400
[2026-01-28 18:23:05] [ERROR]: ❌ Webhook error: value too long for type character varying(20)
[2026-01-28 18:23:08] [ERROR]: ❌ Webhook error: value too long for type character varying(20)
[2026-01-28 18:23:08] [ERROR]: ❌ Webhook error: value too long for type character varying(20)
[2026-01-28 18:23:09] [ERROR]: ❌ Webhook error: value too long for type character varying(20)
[2026-01-28 18:23:09] [ERROR]: ❌ Webhook error: value too long for type character varying(20)
[2026-01-28 18:23:09] [ERROR]: ❌ Webhook error: value too long for type character varying(20)
[2026-01-28 18:23:10] [ERROR]: ❌ Webhook error: value too long for type character varying(20)
[2026-01-28 18:23:11] [ERROR]: ❌ Webhook error: value too long for type character varying(20)
[2026-01-28 18:23:11] [ERROR]: ❌ Webhook error: value too long for type character varying(20)
[2026-01-28 18:23:11] [ERROR]: ❌ Webhook error: value too long for type character varying(20)
[2026-01-28 18:23:11] [ERROR]: ❌ Webhook error: value too long for type character varying(20)
[2026-01-28 18:23:11] [ERROR]: ❌ Webhook error: value too long for type character varying(20)
[2026-01-28 18:23:11] [ERROR]: ❌ Webhook error: value too long for type character varying(20)
[2026-01-28 18:23:11] [ERROR]: ❌ Webhook error: value too long for type character varying(20)
[2026-01-28 18:23:11] [ERROR]: ❌ Webhook error: value too long for type character varying(20)
[2026-01-28 18:23:12] [ERROR]: ❌ Webhook error: value too long for type character varying(20)
[2026-01-28 18:23:12] [ERROR]: ❌ Webhook error: value too long for type character varying(20)
[2026-01-28 18:23:12] [ERROR]: ❌ Webhook error: value too long for type character varying(20)
[2026-01-28 18:23:12] [ERROR]: ❌ Webhook error: value too long for type character varying(20)
[2026-01-28 18:23:12] [ERROR]: ❌ Webhook error: value too long for type character varying(20)
[2026-01-28 18:23:12] [ERROR]: ❌ Webhook error: value too long for type character varying(20)
[2026-01-28 18:23:12] [ERROR]: ❌ Webhook error: value too long for type character varying(20)
[2026-01-28 18:23:22] [ERROR]: ❌ Webhook error: value too long for type character varying(20)
[2026-01-28 18:23:36] [ERROR]: ❌ Webhook error: value too long for type character varying(20)
[2026-01-28 18:23:42] [ERROR]: ❌ Webhook error: value too long for type character varying(20)
[2026-01-28 18:23:47] [ERROR]: ❌ Webhook error: value too long for type character varying(20)
[2026-01-28 18:23:55] [ERROR]: ❌ Webhook error: Request failed with status code 400
[2026-01-28 18:24:06] [ERROR]: ❌ Webhook error: value too long for type character varying(20)
[2026-01-28 18:28:29] [ERROR]: ❌ Webhook error: value too long for type character varying(20)
[2026-01-28 18:28:31] [ERROR]: ❌ Webhook error: value too long for type character varying(20)
[2026-01-28 18:28:33] [ERROR]: ❌ Webhook error: value too long for type character varying(20)
[2026-01-28 18:28:44] [ERROR]: ❌ Webhook error: value too long for type character varying(20)
[2026-01-28 18:28:52] [ERROR]: ❌ Webhook error: Request failed with status code 400
[2026-01-28 18:29:00] [ERROR]: ❌ Webhook error: value too long for type character varying(20)
[2026-01-28 18:29:04] [ERROR]: ❌ Webhook error: value too long for type character varying(20)
[2026-01-28 18:29:35] [ERROR]: ❌ Webhook error: value too long for type character varying(20)
[2026-01-28 18:29:37] [ERROR]: ❌ Webhook error: value too long for type character varying(20)
[2026-01-28 18:29:38] [ERROR]: ❌ Webhook error: value too long for type character varying(20)
[2026-01-28 18:29:43] [ERROR]: ❌ Webhook error: value too long for type character varying(20)
[2026-01-28 18:29:47] [ERROR]: ❌ Webhook error: value too long for type character varying(20)
[2026-01-28 18:29:55] [ERROR]: ❌ Webhook error: value too long for type character varying(20)
[2026-01-28 18:30:01] [ERROR]: ❌ Webhook error: value too long for type character varying(20)
[2026-01-28 18:30:04] [ERROR]: ❌ Webhook error: value too long for type character varying(20)
[2026-01-28 18:30:09] [ERROR]: ❌ Webhook error: value too long for type character varying(20)
[2026-01-28 18:30:12] [ERROR]: ❌ Webhook error: value too long for type character varying(20)
[2026-01-28 18:30:23] [ERROR]: ❌ Webhook error: value too long for type character varying(20)
[2026-01-28 18:30:48] [ERROR]: ❌ Webhook error: value too long for type character varying(20)
[2026-01-28 18:30:51] [ERROR]: ❌ Webhook error: value too long for type character varying(20)
[2026-01-28 18:30:55] [ERROR]: ❌ Webhook error: value too long for type character varying(20)
[2026-01-28 18:30:57] [ERROR]: ❌ Webhook error: value too long for type character varying(20)
[2026-01-28 18:31:03] [ERROR]: ❌ Webhook error: value too long for type character varying(20)
[2026-01-28 18:31:15] [ERROR]: ❌ Webhook error: value too long for type character varying(20)
[2026-01-28 18:31:26] [ERROR]: ❌ Webhook error: value too long for type character varying(20)
[2026-01-28 18:31:32] [ERROR]: ❌ Webhook error: value too long for type character varying(20)
[2026-01-28 18:31:39] [ERROR]: ❌ Webhook error: value too long for type character varying(20)
[2026-01-28 18:31:46] [ERROR]: ❌ Webhook error: value too long for type character varying(20)
[2026-01-28 18:31:48] [ERROR]: ❌ Webhook error: value too long for type character varying(20)
[2026-01-28 18:31:49] [ERROR]: ❌ Webhook error: value too long for type character varying(20)
[2026-01-28 18:31:51] [ERROR]: ❌ Webhook error: value too long for type character varying(20)
[2026-01-28 18:32:01] [ERROR]: ❌ Webhook error: value too long for type character varying(20)
[2026-01-28 18:32:02] [ERROR]: ❌ Webhook error: value too long for type character varying(20)
[2026-01-28 18:32:15] [ERROR]: ❌ Webhook error: value too long for type character varying(20)
[2026-01-28 18:32:17] [ERROR]: ❌ Webhook error: value too long for type character varying(20)
[2026-01-28 18:33:13] [ERROR]: ❌ Webhook error: value too long for type character varying(20)
[2026-01-28 18:33:27] [ERROR]: ❌ Webhook error: value too long for type character varying(20)
[2026-01-28 18:33:36] [ERROR]: ❌ Webhook error: value too long for type character varying(20)
[2026-01-28 18:33:39] [ERROR]: ❌ Webhook error: value too long for type character varying(20)
[2026-01-28 18:34:41] [ERROR]: ❌ Webhook error: value too long for type character varying(20)
[2026-01-28 18:34:44] [ERROR]: ❌ Webhook error: value too long for type character varying(20)
[2026-01-28 18:34:46] [ERROR]: ❌ Webhook error: value too long for type character varying(20)
[2026-01-28 18:35:50] [ERROR]: ❌ Webhook error: value too long for type character varying(20)
[2026-01-28 18:35:58] [ERROR]: ❌ Webhook error: value too long for type character varying(20)
[2026-01-28 18:36:01] [ERROR]: ❌ Webhook error: value too long for type character varying(20)
[2026-01-28 18:36:03] [ERROR]: ❌ Webhook error: value too long for type character varying(20)
[2026-01-28 18:36:30] [ERROR]: ❌ Webhook error: value too long for type character varying(20)
[2026-01-28 18:36:52] [ERROR]: ❌ Erro de conexão com PostgreSQL: the database system is starting up
[2026-01-28 18:36:52] [ERROR]: ❌ Erro ao buscar id_funil: the database system is starting up
[2026-01-28 18:39:46] [ERROR]: ❌ Webhook error: value too long for type character varying(20)
[2026-01-28 18:39:50] [ERROR]: ❌ Webhook error: value too long for type character varying(20)
[2026-01-28 18:39:58] [ERROR]: ❌ Webhook error: value too long for type character varying(20)
[2026-01-28 18:40:03] [ERROR]: ❌ Webhook error: value too long for type character varying(20)
[2026-01-28 18:40:18] [ERROR]: ❌ Webhook error: value too long for type character varying(20)
[2026-01-28 18:40:28] [ERROR]: ❌ Webhook error: value too long for type character varying(20)
[2026-01-28 18:40:33] [ERROR]: ❌ Webhook error: value too long for type character varying(20)
[2026-01-28 18:40:34] [ERROR]: ❌ Webhook error: value too long for type character varying(20)
[2026-01-28 18:40:36] [ERROR]: ❌ Webhook error: value too long for type character varying(20)
[2026-01-28 18:40:37] [ERROR]: ❌ Webhook error: value too long for type character varying(20)
[2026-01-28 18:40:37] [ERROR]: ❌ Webhook error: value too long for type character varying(20)
[2026-01-28 18:40:38] [ERROR]: ❌ Webhook error: value too long for type character varying(20)
[2026-01-28 18:40:39] [ERROR]: ❌ Webhook error: value too long for type character varying(20)
[2026-01-28 18:40:46] [ERROR]: ❌ Webhook error: value too long for type character varying(20)
[2026-01-28 18:41:46] [ERROR]: ❌ Webhook error: value too long for type character varying(20)
[2026-01-28 18:41:49] [ERROR]: ❌ Webhook error: value too long for type character varying(20)
[2026-01-28 18:43:23] [ERROR]: ❌ Webhook error: value too long for type character varying(20)
[2026-01-28 18:43:27] [ERROR]: ❌ Webhook error: value too long for type character varying(20)
[2026-01-28 18:43:31] [ERROR]: ❌ Webhook error: value too long for type character varying(20)
[2026-01-28 18:43:34] [ERROR]: ❌ Webhook error: value too long for type character varying(20)
[2026-01-28 18:43:43] [ERROR]: ❌ Webhook error: value too long for type character varying(20)
[2026-01-28 18:43:53] [ERROR]: ❌ Webhook error: value too long for type character varying(20)
[2026-01-28 18:44:30] [ERROR]: ❌ Webhook error: value too long for type character varying(20)
[2026-01-28 18:44:41] [ERROR]: ❌ Webhook error: value too long for type character varying(20)
[2026-01-28 18:46:00] [ERROR]: ❌ Webhook error: value too long for type character varying(20)
[2026-01-28 18:46:02] [ERROR]: ❌ Webhook error: value too long for type character varying(20)
[2026-01-28 18:46:12] [ERROR]: ❌ Webhook error: value too long for type character varying(20)
[2026-01-28 18:46:13] [ERROR]: ❌ Webhook error: value too long for type character varying(20)
[2026-01-28 18:46:15] [ERROR]: ❌ Webhook error: value too long for type character varying(20)
[2026-01-28 18:46:18] [ERROR]: ❌ Webhook error: value too long for type character varying(20)
[2026-01-28 18:46:34] [ERROR]: ❌ Webhook error: value too long for type character varying(20)
[2026-01-28 18:46:35] [ERROR]: ❌ Webhook error: value too long for type character varying(20)
[2026-01-28 18:46:40] [ERROR]: ❌ Webhook error: value too long for type character varying(20)
[2026-01-28 18:46:43] [ERROR]: ❌ Webhook error: value too long for type character varying(20)
[2026-01-28 18:46:50] [ERROR]: ❌ Webhook error: value too long for type character varying(20)
[2026-01-28 18:47:09] [ERROR]: ❌ Webhook error: value too long for type character varying(20)
[2026-01-28 18:47:12] [ERROR]: ❌ Webhook error: value too long for type character varying(20)
[2026-01-28 18:47:16] [ERROR]: ❌ Webhook error: value too long for type character varying(20)
[2026-01-28 18:47:17] [ERROR]: ❌ Webhook error: value too long for type character varying(20)
[2026-01-28 18:47:19] [ERROR]: ❌ Webhook error: value too long for type character varying(20)
[2026-01-28 18:47:20] [ERROR]: ❌ Webhook error: value too long for type character varying(20)
[2026-01-28 18:47:30] [ERROR]: ❌ Webhook error: value too long for type character varying(20)
[2026-01-28 18:47:32] [ERROR]: ❌ Webhook error: value too long for type character varying(20)
[2026-01-28 18:47:40] [ERROR]: ❌ Webhook error: value too long for type character varying(20)
[2026-01-28 18:47:42] [ERROR]: ❌ Webhook error: value too long for type character varying(20)
[2026-01-28 18:47:45] [ERROR]: ❌ Webhook error: value too long for type character varying(20)
[2026-01-28 18:48:01] [ERROR]: ❌ Webhook error: value too long for type character varying(20)
[2026-01-28 18:48:02] [ERROR]: ❌ Webhook error: value too long for type character varying(20)
[2026-01-28 18:48:03] [ERROR]: ❌ Webhook error: value too long for type character varying(20)
[2026-01-28 18:49:58] [ERROR]: ❌ Webhook error: value too long for type character varying(20)
[2026-01-28 18:50:05] [ERROR]: ❌ Webhook error: value too long for type character varying(20)
[2026-01-28 18:50:09] [ERROR]: ❌ Webhook error: value too long for type character varying(20)
[2026-01-28 18:50:12] [ERROR]: ❌ Webhook error: value too long for type character varying(20)
[2026-01-28 18:50:14] [ERROR]: ❌ Webhook error: value too long for type character varying(20)
[2026-01-28 18:50:16] [ERROR]: ❌ Webhook error: value too long for type character varying(20)
[2026-01-28 18:50:21] [ERROR]: ❌ Webhook error: value too long for type character varying(20)
[2026-01-28 18:50:24] [ERROR]: ❌ Webhook error: value too long for type character varying(20)
[2026-01-28 18:50:28] [ERROR]: ❌ Webhook error: value too long for type character varying(20)
[2026-01-28 18:50:31] [ERROR]: ❌ Webhook error: value too long for type character varying(20)
[2026-01-28 18:50:36] [ERROR]: ❌ Webhook error: value too long for type character varying(20)
[2026-01-28 18:50:39] [ERROR]: ❌ Webhook error: value too long for type character varying(20)
[2026-01-28 18:51:14] [ERROR]: ❌ Webhook error: value too long for type character varying(20)
[2026-01-28 18:51:19] [ERROR]: ❌ Webhook error: value too long for type character varying(20)
[2026-01-28 18:51:21] [ERROR]: ❌ Webhook error: value too long for type character varying(20)
[2026-01-28 18:51:32] [ERROR]: ❌ Webhook error: value too long for type character varying(20)
[2026-01-28 18:51:41] [ERROR]: ❌ Erro de conexão com PostgreSQL: the database system is starting up
[2026-01-28 18:51:41] [ERROR]: ❌ Erro ao buscar id_funil: the database system is starting up
[2026-01-28 21:38:42] [ERROR]: ❌ Webhook error: texto is not defined
[2026-01-28 21:39:01] [ERROR]: ❌ Webhook error: sendMessage is not defined
[2026-01-28 21:39:07] [ERROR]: ❌ Webhook error: texto is not defined
[2026-01-28 21:39:17] [ERROR]: ❌ Webhook error: texto is not defined
[2026-01-29 19:51:25] [ERROR]: ❌ Webhook error: value too long for type character varying(20)
[2026-01-29 19:51:31] [ERROR]: ❌ Webhook error: value too long for type character varying(20)
[2026-01-29 19:52:38] [ERROR]: ❌ Webhook error: value too long for type character varying(20)
[2026-01-29 19:52:41] [ERROR]: ❌ Webhook error: value too long for type character varying(20)
[2026-01-29 20:05:25] [ERROR]: ❌ Webhook error: value too long for type character varying(20)
[2026-01-29 20:05:54] [ERROR]: ❌ Webhook error: value too long for type character varying(20)
[2026-01-29 20:09:15] [ERROR]: ❌ Webhook error: value too long for type character varying(20)
[2026-01-29 20:09:21] [ERROR]: ❌ Webhook error: value too long for type character varying(20)
[2026-01-29 20:09:25] [ERROR]: ❌ Webhook error: value too long for type character varying(20)
[2026-01-29 20:09:27] [ERROR]: ❌ Webhook error: value too long for type character varying(20)
[2026-01-29 20:13:58] [ERROR]: ❌ Webhook error: timeout of 8000ms exceeded
[2026-01-29 20:14:21] [ERROR]: ❌ Webhook error: value too long for type character varying(20)
[2026-01-29 20:46:54] [ERROR]: ❌ Webhook error: Request failed with status code 400
[2026-01-29 20:47:06] [ERROR]: ❌ Webhook error: Request failed with status code 400
[2026-01-29 20:47:22] [ERROR]: ❌ Webhook error: value too long for type character varying(20)
[2026-01-29 20:49:25] [ERROR]: ❌ Webhook error: value too long for type character varying(20)
[2026-01-29 20:49:28] [ERROR]: ❌ Webhook error: value too long for type character varying(20)
[2026-01-29 20:49:34] [ERROR]: ❌ Webhook error: value too long for type character varying(20)
[2026-01-29 20:49:37] [ERROR]: ❌ Webhook error: value too long for type character varying(20)
[2026-01-29 20:50:03] [ERROR]: ❌ Webhook error: value too long for type character varying(20)
[2026-01-29 20:50:05] [ERROR]: ❌ Webhook error: value too long for type character varying(20)
[2026-01-29 20:50:10] [ERROR]: ❌ Webhook error: value too long for type character varying(20)
[2026-01-29 20:50:21] [ERROR]: ❌ Webhook error: value too long for type character varying(20)
[2026-01-29 20:50:26] [ERROR]: ❌ Webhook error: value too long for type character varying(20)
[2026-01-29 20:51:07] [ERROR]: ❌ Webhook error: value too long for type character varying(20)
[2026-01-29 21:01:15] [ERROR]: ❌ Webhook error: value too long for type character varying(20)
[2026-01-29 21:31:28] [ERROR]: ❌ Webhook error: value too long for type character varying(20)
[2026-01-29 21:34:08] [ERROR]: ❌ Webhook error: value too long for type character varying(20)
[2026-01-29 21:35:15] [ERROR]: ❌ Webhook error: value too long for type character varying(20)
[2026-01-29 21:35:32] [ERROR]: ❌ Webhook error: value too long for type character varying(20)
[2026-01-29 21:35:33] [ERROR]: ❌ Webhook error: value too long for type character varying(20)
[2026-01-29 21:36:47] [ERROR]: ❌ Webhook error: value too long for type character varying(20)
[2026-01-29 21:36:57] [ERROR]: ❌ Webhook error: value too long for type character varying(20)
[2026-01-30 17:37:18] [ERROR]: ❌ Webhook error: value too long for type character varying(20)
[2026-01-30 17:48:01] [ERROR]: ❌ Webhook error: value too long for type character varying(20)
[2026-01-30 17:48:07] [ERROR]: ❌ Webhook error: value too long for type character varying(20)
[2026-01-30 18:14:11] [ERROR]: ❌ Webhook error: value too long for type character varying(20)
[2026-01-30 18:14:17] [ERROR]: ❌ Webhook error: value too long for type character varying(20)
[2026-01-30 18:18:16] [ERROR]: ❌ Webhook error: value too long for type character varying(20)
[2026-01-30 18:18:40] [ERROR]: ❌ Webhook error: value too long for type character varying(20)
[2026-01-30 18:25:34] [ERROR]: ❌ Erro de conexão com PostgreSQL: the database system is starting up
[2026-01-30 18:25:34] [ERROR]: ❌ Erro ao buscar id_funil: the database system is starting up
[2026-01-30 19:54:04] [ERROR]: ❌ Erro de conexão com PostgreSQL: the database system is starting up
[2026-01-30 19:54:04] [ERROR]: ❌ Erro ao buscar id_funil: the database system is starting up
[2026-01-30 19:57:15] [ERROR]: ❌ Webhook error: Request failed with status code 500
[2026-01-30 20:42:06] [ERROR]: ❌ Webhook error: value too long for type character varying(20)
[2026-01-30 20:59:36] [ERROR]: ❌ Webhook error: value too long for type character varying(20)
[2026-02-02 17:27:36] [ERROR]: ❌ Webhook error: value too long for type character varying(20)
[2026-02-02 17:34:41] [ERROR]: ❌ Webhook error: value too long for type character varying(20)
[2026-02-02 17:38:32] [ERROR]: ❌ Webhook error: value too long for type character varying(20)
[2026-02-02 17:38:35] [ERROR]: ❌ Webhook error: value too long for type character varying(20)
[2026-02-02 17:38:49] [ERROR]: ❌ Webhook error: value too long for type character varying(20)
[2026-02-02 18:06:01] [ERROR]: ❌ Erro ao buscar id_funil: the database system is starting up
[2026-02-02 18:06:01] [ERROR]: ❌ Erro de conexão com PostgreSQL: the database system is starting up
[2026-02-02 18:19:25] [ERROR]: ❌ Erro de conexão com PostgreSQL: the database system is starting up
[2026-02-02 18:19:25] [ERROR]: ❌ Erro ao buscar id_funil: the database system is starting up
[2026-02-02 18:36:13] [ERROR]: ❌ Webhook error: value too long for type character varying(20)
[2026-02-02 18:52:28] [ERROR]: ❌ Erro ao buscar id_funil: the database system is starting up
[2026-02-02 18:52:28] [ERROR]: ❌ Erro de conexão com PostgreSQL: the database system is starting up
[2026-02-02 18:54:10] [ERROR]: ❌ Webhook error: MessageModels is not defined
[2026-02-02 18:54:47] [ERROR]: ❌ Webhook error: MessageModels is not defined
[2026-02-02 18:55:01] [ERROR]: ❌ Webhook error: MessageModels is not defined
[2026-02-02 19:01:47] [ERROR]: ❌ Webhook error: MessageModels is not defined
[2026-02-02 19:17:41] [ERROR]: ❌ Erro ao buscar id_funil: the database system is starting up
[2026-02-02 19:17:41] [ERROR]: ❌ Erro de conexão com PostgreSQL: the database system is starting up
[2026-02-02 19:52:59] [ERROR]: ❌ Webhook error: column reference "cd_mensagem_destino" is ambiguous
[2026-02-02 20:00:44] [ERROR]: ❌ Webhook error: value too long for type character varying(20)
[2026-02-02 20:00:46] [ERROR]: ❌ Webhook error: value too long for type character varying(20)
[2026-02-02 20:00:48] [ERROR]: ❌ Webhook error: value too long for type character varying(20)
[2026-02-02 20:01:54] [ERROR]: ❌ Webhook error: value too long for type character varying(20)
[2026-02-02 20:04:24] [ERROR]: ❌ Webhook error: value too long for type character varying(20)
[2026-02-02 20:04:30] [ERROR]: ❌ Webhook error: value too long for type character varying(20)
[2026-02-02 20:04:39] [ERROR]: ❌ Webhook error: value too long for type character varying(20)
[2026-02-02 20:04:46] [ERROR]: ❌ Webhook error: value too long for type character varying(20)
[2026-02-02 20:04:58] [ERROR]: ❌ Webhook error: value too long for type character varying(20)
[2026-02-02 20:05:01] [ERROR]: ❌ Webhook error: value too long for type character varying(20)
[2026-02-02 20:05:02] [ERROR]: ❌ Webhook error: value too long for type character varying(20)
[2026-02-02 20:05:08] [ERROR]: ❌ Webhook error: value too long for type character varying(20)
[2026-02-02 20:05:11] [ERROR]: ❌ Webhook error: value too long for type character varying(20)
[2026-02-02 20:06:02] [ERROR]: ❌ Webhook error: value too long for type character varying(20)
[2026-02-02 20:06:03] [ERROR]: ❌ Webhook error: value too long for type character varying(20)
[2026-02-02 20:06:32] [ERROR]: ❌ Webhook error: value too long for type character varying(20)
[2026-02-02 20:06:42] [ERROR]: ❌ Webhook error: value too long for type character varying(20)
[2026-02-02 20:06:47] [ERROR]: ❌ Webhook error: value too long for type character varying(20)
[2026-02-02 20:06:54] [ERROR]: ❌ Webhook error: value too long for type character varying(20)
[2026-02-02 20:08:59] [ERROR]: ❌ Webhook error: value too long for type character varying(20)
[2026-02-02 20:09:19] [ERROR]: ❌ Webhook error: value too long for type character varying(20)
[2026-02-02 20:09:25] [ERROR]: ❌ Webhook error: value too long for type character varying(20)
[2026-02-02 20:17:27] [ERROR]: ❌ Erro ao buscar id_funil: the database system is starting up
[2026-02-02 20:17:27] [ERROR]: ❌ Erro de conexão com PostgreSQL: the database system is starting up
[2026-02-02 21:41:03] [ERROR]: ❌ Erro ao buscar id_funil: the database system is starting up
[2026-02-02 21:41:03] [ERROR]: ❌ Erro de conexão com PostgreSQL: the database system is starting up
[2026-02-02 21:46:16] [ERROR]: ❌ Webhook error: value too long for type character varying(20)
[2026-02-02 21:46:21] [ERROR]: ❌ Webhook error: value too long for type character varying(20)
[2026-02-02 21:46:38] [ERROR]: ❌ Webhook error: value too long for type character varying(20)
[2026-02-02 21:46:45] [ERROR]: ❌ Webhook error: value too long for type character varying(20)
[2026-02-02 21:47:27] [ERROR]: ❌ Webhook error: value too long for type character varying(20)
[2026-02-02 21:47:34] [ERROR]: ❌ Webhook error: value too long for type character varying(20)
[2026-02-02 21:47:41] [ERROR]: ❌ Webhook error: value too long for type character varying(20)
[2026-02-02 21:47:43] [ERROR]: ❌ Webhook error: value too long for type character varying(20)
[2026-02-02 21:47:52] [ERROR]: ❌ Webhook error: value too long for type character varying(20)
[2026-02-02 21:47:59] [ERROR]: ❌ Webhook error: value too long for type character varying(20)
[2026-02-02 21:48:03] [ERROR]: ❌ Webhook error: value too long for type character varying(20)
[2026-02-02 21:48:06] [ERROR]: ❌ Webhook error: value too long for type character varying(20)
[2026-02-02 21:48:26] [ERROR]: ❌ Webhook error: value too long for type character varying(20)
[2026-02-02 21:48:33] [ERROR]: ❌ Webhook error: value too long for type character varying(20)
[2026-02-02 21:48:35] [ERROR]: ❌ Webhook error: value too long for type character varying(20)
[2026-02-02 21:49:43] [ERROR]: ❌ Webhook error: value too long for type character varying(20)
[2026-02-02 22:07:09] [ERROR]: ❌ Webhook error: value too long for type character varying(20)
[2026-02-02 22:32:13] [ERROR]: ❌ Webhook error: value too long for type character varying(20)
[2026-02-02 22:43:59] [ERROR]: ❌ Webhook error: value too long for type character varying(20)
[2026-02-03 17:55:37] [ERROR]: ❌ Erro ao buscar id_funil: the database system is starting up
[2026-02-03 17:55:37] [ERROR]: ❌ Erro de conexão com PostgreSQL: the database system is starting up
[2026-02-03 19:45:11] [ERROR]: ❌ Erro de conexão com PostgreSQL: the database system is starting up
[2026-02-03 19:45:11] [ERROR]: ❌ Erro ao buscar id_funil: the database system is starting up
